firm_id,baseline_employees,total_grant_amount,grant_stage1_amount,grant_stage2_total_amount,grant_stage3_amount,post_grant_temporary_employees,total_employees_post_grant
6,,,,,,,
18,,2000000.0,50000.0,1100000.0,350000.0,10,12
29,5 skilled.,,,,,,
40,Not Applicable,6000000.0,600000.0,2400000.0,1500000.0,2,5
67,,,,,,,
88,6,5400000.0,540000.0,2160000.0,1350000.0,3,11
125,,8000000.0,800000.0,4200000.0,1500000.0,61,69
142,,,,,,,
165,5,2400000.0,300000.0,1200000.0,300000.0,6,14
223,,6000000.0,200000.0,3300000.0,1000000.0,5,25
266,10,,,,,,
287,,,,,,,
301,,4000000.0,400000.0,1600000.0,1000000.0,2,10
317,,,,,,,
338,3 currently,,,,,,
416,4,4200000.0,420000.0,1680000.0,1050000.0,2,6
438,5 staff at the moment,,,,,,
450,,,,,,,
458,,,,,,,
585,,,,,,,
622,,,,,,,
651,,,,,,,
668,6 Workers,2600000.0,260000.0,1040000.0,650000.0,7,13
683,,,,,,,
684,,,,,,,
689,,,,,,,
767,,,,,,,
769,,,,,,,
774,,,,,,,
805,,,,,,,
877,13 people,10000000.0,1000000.0,4000000.0,2500000.0,15,37
886,,,,,,,
929,,,,,,,
935,,,,,,,
946,,,,,,,
978,11,6000000.0,600000.0,2400000.0,1500000.0,1,4
1033,6,0.0,0.0,0.0,0.0,2,5
1041,12 PEOPLE,,,,,,
1132,,,,,,,
1170,,2700000.0,270000.0,1080000.0,675000.0,1,5
1187,,0.0,0.0,0.0,0.0,47,62
1209,,4000000.0,400000.0,1600000.0,1000000.0,32,44
1213,,,,,,,
1217,,,,,,,
1222,,,,,,,
1272,,,,,,,
1297,,0.0,0.0,0.0,0.0,3,8
1313,1 permanent and 4 temps,6000000.0,600000.0,2400000.0,1500000.0,3,7
1318,,,,,,,
1319,3,6000000.0,200000.0,4300000.0,750000.0,16,31
1332,5,4000000.0,400000.0,1600000.0,1000000.0,4,11
1435,,6500000.0,650000.0,3600000.0,625000.0,18,26
1442,,,,,,,
1484,,6000000.0,200000.0,2800000.0,1500000.0,12,22
1503,,4000000.0,400000.0,1000000.0,1600000.0,0,0
1577,,,,,,,
1587,,4500000.0,450000.0,2125000.0,800000.0,7,10
1623,,,,,,,
1667,7,4800000.0,480000.0,1920000.0,1200000.0,14,23
1710,,,,,,,
1756,,,,,,,
1794,,,,,,,
1806,,,,,,,
1813,,,,,,,
1833,Minimum of 10 people,0.0,0.0,0.0,0.0,4,6
1882,4 (part-time),0.0,0.0,0.0,0.0,25,36
1893,,0.0,0.0,0.0,0.0,2,5
1937,2,5000000.0,200000.0,2800000.0,1000000.0,28,43
1958,16,,,,,,
1989,,,,,,,
2008,3 people,6000000.0,200000.0,2800000.0,1500000.0,6,11
2043,,,,,,,
2065,,0.0,0.0,0.0,0.0,3,4
2093,15,,,,,,
2098,,,,,,,
2113,,,,,,,
2122,nine,6000000.0,0.0,3000000.0,1500000.0,8,20
2175,,,,,,,
2204,,,,,,,
2212,2,10000000.0,1000000.0,5000000.0,1500000.0,4,12
2241,,6000000.0,600000.0,2900000.0,1000000.0,4,12
2264,,,,,,,
2318,5,5100000.0,510000.0,2040000.0,1275000.0,124,132
2361,3,,,,,,
2387,,,,,,,
2401,1,,,,,,
2429,20 people,3800000.0,380000.0,1520000.0,950000.0,3,21
2436,,0.0,0.0,0.0,0.0,28,37
2546,,3000000.0,300000.0,1200000.0,750000.0,19,26
2555,,,,,,,
2572,,,,,,,
2593,,,,,,,
2602,,,,,,,
2637,,2500000.0,100000.0,1600000.0,400000.0,88,95
2692,,4600000.0,460000.0,2040000.0,950000.0,22,26
2733,,,,,,,
2750,,,,,,,
2765,5,,,,,,
2814,,,,,,,
2854,4,6000000.0,300000.0,2700000.0,1500000.0,4,12
2876,,,,,,,
2957,13,6000000.0,600000.0,2400000.0,1500000.0,16,24
2994,,,,,,,
3031,9,10000000.0,1000000.0,4000000.0,2500000.0,15,19
3057,,,,,,,
3068,Seven,2000000.0,250000.0,1250000.0,250000.0,disqualified,disqualified
3122,Seven,2500000.0,50000.0,1200000.0,625000.0,3,15
3166,"9 (4 permanent, 5 part time)",5700000.0,200000.0,3500000.0,1000000.0,8,15
3167,7,5000000.0,500000.0,2000000.0,1250000.0,6,12
3168,6 person per team,6000000.0,600000.0,2400000.0,1500000.0,12,46
3260,3,7500000.0,750000.0,3500000.0,1375000.0,3,10
3291,,,,,,,
3301,,4000000.0,400000.0,1600000.0,1000000.0,1,5
3319,2 PERSONS,3000000.0,300000.0,1600000.0,350000.0,2,10
3416,,6000000.0,200000.0,2800000.0,1500000.0,22,37
3426,4,6000000.0,0.0,3000000.0,1500000.0,8,15
3438,,6000000.0,600000.0,2400000.0,1500000.0,30,38
3452,,,,,,,
3459,,6000000.0,200000.0,2800000.0,1500000.0,1,10
3521,,,,,,,
3540,,,,,,,
3545,,,,,,,
3635,,,,,,,
3699,3,6000000.0,600000.0,2400000.0,1500000.0,7,17
3717,8,0.0,0.0,0.0,0.0,2,11
3739,,6000000.0,600000.0,3400000.0,1000000.0,25,34
3746,,,,,,,
3780,,4000000.0,400000.0,1600000.0,1000000.0,6,12
3782,,0.0,0.0,0.0,0.0,5,11
3802,3,6000000.0,600000.0,2400000.0,1500000.0,3,10
3832,,,,,,,
3884,7,6000000.0,600000.0,2400000.0,1500000.0,3,6
3886,,,,,,,
3902,,,,,,,
3911,1,2500000.0,250000.0,1000000.0,625000.0,6,10
3919,,,,,,,
3940,,,,,,,
3941,7,,,,,,
3942,,,,,,,
3996,2,2500000.0,250000.0,1400000.0,425000.0,5,11
3999,,,,,,,
4032,,,,,,,
4048,,,,,,,
4149,10,2400000.0,240000.0,960000.0,600000.0,6,8
4154,6,5000000.0,500000.0,2000000.0,1250000.0,2,17
4177,,,,,,,
4196,6,,,,,,
4199,2,,,,,,
4279,Presently we have 5 employees and invites more professional hands when the needs be with a big project.,,,,,,
4307,3,6000000.0,0.0,3000000.0,1500000.0,5,8
4359,6,6000000.0,600000.0,2400000.0,1500000.0,4,16
4371,2,,,,,,
4427,,,,,,,
4523,,,,,,,
4585,,900000.0,90000.0,360000.0,225000.0,2,2
4603,,2900000.0,200000.0,1250000.0,725000.0,2,15
4657,15 persons,,,,,,
4662,,,,,,,
4669,,0.0,0.0,0.0,0.0,5,14
4711,,,,,,,
4733,3,2500000.0,0.0,1000000.0,875000.0,4,10
4735,,,,,,,
4786,,,,,,,
4796,,,,,,,
4797,,5300000.0,530000.0,2620000.0,825000.0,2,7
4852,9,0.0,0.0,0.0,0.0,2,6
4858,,,,,,,
4899,,,,,,,
4930,,3200000.0,320000.0,1280000.0,800000.0,4,12
4952,10,,,,,,
4963,,,,,,,
4967,,1800000.0,180000.0,1020000.0,300000.0,2,6
4986,,,,,,,
5040,,,,,,,
5060,,0.0,0.0,0.0,0.0,7,10
5075,,0.0,0.0,0.0,0.0,20,23
5081,,,,,,,
5110,,,,,,,
5122,,3200000.0,0.0,1600000.0,800000.0,20,32
5126,4,5100000.0,510000.0,2040000.0,1275000.0,8,19
5149,,,,,,,
5167,3,,,,,,
5185,,,,,,,
5196,,5000000.0,500000.0,2000000.0,1250000.0,7,23
5204,,,,,,,
5211,,,,,,,
5280,3 Full time; 15 freelance,1000000.0,100000.0,400000.0,250000.0,15,21
5299,,6000000.0,100000.0,2900000.0,1500000.0,3,9
5313,5,6000000.0,600000.0,2400000.0,1500000.0,6,18
5355,,,,,,,
5365,,,,,,,
5408,5,2600000.0,260000.0,1340000.0,500000.0,9,17
5498,,,,,,,
5506,,,,,,,
5528,,6000000.0,600000.0,3150000.0,750000.0,17,23
5570,,3000000.0,300000.0,1200000.0,750000.0,4,11
5579,,,,,,,
5593,3,,,,,,
5604,NNINE,,,,,,
5672,,,,,,,
5676,6,3500000.0,200000.0,1800000.0,750000.0,3,8
5678,,,,,,,
5688,8 people,2500000.0,250000.0,1000000.0,625000.0,7,12
5705,,6000000.0,600000.0,2400000.0,1500000.0,12,22
5725,,,,,,,
5775,four,9350000.0,350000.0,4000000.0,2500000.0,32,40
5869,,,,,,,
5894,10,5000000.0,500000.0,2500000.0,1000000.0,10,25
5929,2,4200000.0,420000.0,2280000.0,750000.0,10,17
5954,,,,,,,
5957,3,2400000.0,180000.0,820000.0,700000.0,24,36
5980,,,,,,,
5993,5,,,,,,
6035,5 Presently,,,,,,
6053,,,,,,,
6069,,4800000.0,480000.0,1920000.0,1200000.0,0,5
6096,,3000000.0,100000.0,1650000.0,500000.0,disqualified,disqualified
6123,,,,,,,
6128,,3700000.0,370000.0,1700000.0,705000.0,3,10
6173,,10000000.0,1000000.0,4000000.0,2500000.0,15,21
6199,,,,,,,
6217,25 PEOPLE,,,,,,
6290,5-10,3000000.0,300000.0,1200000.0,750000.0,2,8
6294,,,,,,,
6316,,,,,,,
6376,,,,,,,
6423,,,,,,,
6458,,,,,,,
6461,,,,,,,
6487,,,,,,,
6510,,,,,,,
6578,4 FIXED STAFFS AND OVER 35 CASUAL WORKERS,,,,,,
6599,Three (3),5000000.0,0.0,3500000.0,750000.0,4,16
6600,,,,,,,
6610,8,,,,,,
6650,,6000000.0,400000.0,3600000.0,1000000.0,0,6
6668,,5900000.0,590000.0,2360000.0,1475000.0,2,10
6695,5,,,,,,
6711,,,,,,,
6716,,3000000.0,300000.0,1500000.0,450000.0,2,13
6717,,,,,,,
6718,4,,,,,,
6749,,,,,,,
6752,,10000000.0,1000000.0,4700000.0,1800000.0,9,23
6804,,,,,,,
6820,,6000000.0,0.0,3750000.0,750000.0,4,22
6825,,,,,,,
6891,,,,,,,
6893,,,,,,,
6921,,,,,,,
6955,,4500000.0,450000.0,1800000.0,1125000.0,11,18
7052,,,,,,,
7153,,,,,,,
7230,,6000000.0,600000.0,2900000.0,1000000.0,16,22
7233,,,,,,,
7236,,,,,,,
7242,,,,,,,
7261,5,4000000.0,400000.0,1000000.0,1600000.0,3,23
7288,,,,,,,
7346,,,,,,,
7500,6,6000000.0,200000.0,3300000.0,1250000.0,6,21
7519,5,,,,,,
7525,,,,,,,
7536,,5500000.0,250000.0,3000000.0,875000.0,24,31
7625,5,0.0,0.0,0.0,0.0,3,10
7629,,,,,,,
7654,9,4500000.0,200000.0,2500000.0,900000.0,5,10
7699,4,5000000.0,0.0,3000000.0,750000.0,18,28
7729,4,3800000.0,300000.0,2100000.0,700000.0,3,16
7760,3 staff and 7 contract staff,10000000.0,1000000.0,4000000.0,2500000.0,24,33
7782,,6000000.0,200000.0,2800000.0,1500000.0,7,10
7790,,,,,,,
7825,,,,,,,
7868,,,,,,,
7986,,,,,,,
8034,,4700000.0,470000.0,2380000.0,675000.0,5,9
8048,,3300300.0,330030.0,1820120.0,325075.0,33,46
8073,2,3600000.0,0.0,1440000.0,1260000.0,6,15
8091,,,,,,,
8105,3,3000000.0,300000.0,1200000.0,750000.0,15,26
8107,,5600000.0,200000.0,2700000.0,1350000.0,0,5
8216,,,,,,,
8330,5,3000000.0,0.0,1850000.0,400000.0,4,12
8440,,,,,,,
8444,,6000000.0,100000.0,3500000.0,900000.0,4,19
8450,,,,,,,
8477,,,,,,,
8509,,,,,,,
8520,,,,,,,
8571,10,,,,,,
8619,,,,,,,
8643,4,,,,,,
8652,,,,,,,
8713,,,,,,,
8832,,,,,,,
8877,,,,,,,
9012,,,,,,,
9084,,,,,,,
9134,,,,,,,
9234,,,,,,,
9273,4 (Permenent) 13 (Ad-Hoc),6000000.0,600000.0,2900000.0,1000000.0,15,23
9293,,,,,,,
9338,5,,,,,,
9423,,2000000.0,200000.0,800000.0,500000.0,7,13
9433,,,,,,,
9597,,,,,,,
9632,,,,,,,
9634,,,,,,,
9661,,2600000.0,100000.0,1200000.0,650000.0,3,7
9742,12 persons,0.0,0.0,0.0,0.0,28,47
9784,5,3000000.0,0.0,1750000.0,500000.0,2,6
9792,,,,,,,
9884,4,4000000.0,400000.0,1600000.0,1000000.0,6,13
10044,,,,,,,
10086,,,,,,,
10284,,,,,,,
10288,,,,,,,
10309,5,,,,,,
10379,,9600000.0,960000.0,3840000.0,2400000.0,13,21
10397,5,5800000.0,580000.0,3220000.0,550000.0,25,31
10431,2,,,,,,
10440,18,,,,,,
10449,,,,,,,
10454,,,,,,,
10508,Ten people for now.,5400000.0,540000.0,2160000.0,1350000.0,9,21
10572,,,,,,,
10588,4,4000000.0,400000.0,1600000.0,1000000.0,2,10
10598,30 people at present,1500000.0,150000.0,775000.0,200000.0,4,16
10643,7,3900000.0,190000.0,1960000.0,775000.0,11,17
10767,,,,,,,
10773,,3500000.0,100000.0,2300000.0,500000.0,4,12
10856,13,5100000.0,510000.0,2040000.0,1275000.0,4,10
10869,,,,,,,
10946,,6000000.0,600000.0,2400000.0,1500000.0,2,9
10970,,,,,,,
11010,,,,,,,
11102,presently one,3200000.0,320000.0,1280000.0,800000.0,2,10
11119,,,,,,,
11130,,2700000.0,200000.0,2100000.0,200000.0,6,9
11154,,,,,,,
11185,,,,,,,
11275,33,,,,,,
11389,,0.0,0.0,0.0,0.0,3,9
11454,,0.0,0.0,0.0,0.0,15,27
11489,,,,,,,
11523,,7000000.0,400000.0,3100000.0,1750000.0,7,12
11537,8 people,0.0,0.0,0.0,0.0,3,8
11542,,,,,,,
11578,,,,,,,
11629,,,,,,,
11630,,4700000.0,470000.0,2380000.0,675000.0,6,17
11651,"1 office manager, 1 trainee computer assembler, 2 training staff, 1 junior office clerk, totaling 5 personnel staff",4400000.0,440000.0,2260000.0,600000.0,2,6
11725,,,,,,,
11972,,6000000.0,600000.0,2900000.0,1000000.0,3,7
12004,7,3000000.0,100000.0,1400000.0,750000.0,8,23
12015,,,,,,,
12033,One (Three in all),,,,,,
12097,"Presently, the business employs 3 permanent staff and engages as much as 6 â 10 individuals during periods of weeding, planting, and other cultivation activities.",10000000.0,400000.0,4600000.0,2500000.0,20,26
12108,15,3000000.0,100000.0,1650000.0,500000.0,Deceased,Deceased
12123,,4000000.0,200000.0,1800000.0,1000000.0,2,6
12147,,,,,,,
12173,"Five (5) people, two (2) are assigned for designing of both male and female clothes, one (1) for sewing men clothes, one (1) for female clothes and one(1) for ironing and putting buttons.",2000000.0,200000.0,800000.0,500000.0,5,17
12198,,,,,,,
12214,,,,,,,
12228,,,,,,,
12314,45,6000000.0,200000.0,2800000.0,1500000.0,18,44
12335,,,,,,,
12363,3 people.,2000000.0,200000.0,800000.0,500000.0,5,13
12405,,,,,,,
12414,,2400000.0,240000.0,1200000.0,360000.0,1,5
12466,,,,,,,
12482,,,,,,,
12579,20 People,,,,,,
12612,20,3000000.0,0.0,1950000.0,300000.0,4,23
12622,4,,,,,,
12745,,0.0,0.0,0.0,0.0,4,16
12750,,,,,,,
12891,,,,,,,
12946,20,6000000.0,200000.0,2800000.0,1500000.0,4,12
12953,,,,,,,
12963,,,,,,,
12970,,5700000.0,570000.0,2280000.0,1425000.0,10,11
13001,8,4200000.0,350000.0,2550000.0,650000.0,9,24
13009,,,,,,,
13012,20,6000000.0,600000.0,2400000.0,1500000.0,25,35
13050,,,,,,,
13075,Four,0.0,0.0,0.0,0.0,2,7
13080,,,,,,,
13131,,,,,,,
13133,,,,,,,
13146,,,,,,,
13148,,,,,,,
13329,,5000000.0,500000.0,2000000.0,1250000.0,3,8
13345,,,,,,,
13361,2,,,,,,
13381,,,,,,,
13443,Four (4),2500000.0,250000.0,1000000.0,625000.0,1,4
13463,,5000000.0,500000.0,2250000.0,1000000.0,9,15
13477,,5500000.0,200000.0,2300000.0,1500000.0,6,20
13502,,6000000.0,600000.0,2400000.0,1500000.0,6,17
13520,,5600000.0,560000.0,2640000.0,1000000.0,42,51
13588,,,,,,,
13685,5,,,,,,
13736,,,,,,,
13767,,,,,,,
13800,10,,,,,,
13828,,,,,,,
13892,,,,,,,
13994,7 PEOPLE,,,,,,
14002,,,,,,,
14006,Seven (7),,,,,,
14029,One Trainee,2200000.0,220000.0,880000.0,550000.0,2,7
14046,4,4000000.0,400000.0,1600000.0,1000000.0,10,16
14109,,5100000.0,510000.0,2040000.0,1275000.0,3,10
14145,,,,,,,
14170,,,,,,,
14178,"We have 5 staffs of which 3 are permanent staffs and the other 2 are an advisory role, among which includes a seasoned science education adviser and a software developer",,,,,,
14201,,,,,,,
14296,,,,,,,
14301,,,,,,,
14319,10,4000000.0,200000.0,2200000.0,600000.0,0,4
14329,5 Persons,,,,,,
14368,,,,,,,
14388,,,,,,,
14452,,,,,,,
14575,,,,,,,
14587,,,,,,,
14731,,,,,,,
14738,,,,,,,
14785,,5300000.0,230000.0,2925000.0,820000.0,15,23
14797,5,,,,,,
14828,"Currently, we have seventeen staffs that we are pay rolling, that is, apart from Managing Director/Chief Executive Officer, we have two technicians (operators), two graphic designers, two computer operators, three apprentices, four binders, two",6000000.0,200000.0,3300000.0,1000000.0,9,28
14845,,6000000.0,600000.0,2400000.0,1500000.0,19,44
14859,,6000000.0,600000.0,2900000.0,1000000.0,2,6
14865,6,,,,,,
14881,,,,,,,
14903,Two,7000000.0,700000.0,2800000.0,1750000.0,3,11
14907,5 -15,4500000.0,150000.0,2325000.0,900000.0,35,60
14947,,,,,,,
14971,,,,,,,
15009,,,,,,,
15020,,,,,,,
15054,2,,,,,,
15098,,,,,,,
15140,,5200000.0,520000.0,2080000.0,1300000.0,10,17
15271,,,,,,,
15297,,,,,,,
15440,,,,,,,
15495,,6000000.0,600000.0,2400000.0,1500000.0,12,18
15616,,4000000.0,400000.0,2600000.0,500000.0,6,15
15673,"Because of inadequate funding, most of our services are outsourced. The company currently has 2 persons employed.",,,,,,
15695,,,,,,,
15718,5 Personnel,,,,,,
15731,,4800000.0,480000.0,1920000.0,1200000.0,8,18
15818,,6000000.0,600000.0,2400000.0,1500000.0,67,75
15839,2,0.0,0.0,0.0,0.0,3,4
15844,,,,,,,
15874,,,,,,,
15984,,,,,,,
16012,,6000000.0,600000.0,2400000.0,1500000.0,5,8
16033,,3100000.0,100000.0,1450000.0,775000.0,2,8
16136,,,,,,,
16183,3,,,,,,
16193,,,,,,,
16276,,,,,,,
16293,The business currently employs 5 People and out sources to 10 people and small businesses,4000000.0,400000.0,1600000.0,1000000.0,25,30
16298,,,,,,,
16342,,,,,,,
16347,Nil,,,,,,
16365,,,,,,,
16411,,,,,,,
16474,,4000000.0,400000.0,1600000.0,1000000.0,2,5
16477,,4800000.0,480000.0,1920000.0,1200000.0,10,13
16609,,,,,,,
16638,1,4300000.0,200000.0,2600000.0,750000.0,0,3
16661,,,,,,,
16697,,6000000.0,600000.0,2400000.0,1500000.0,5,12
16723,,,,,,,
16765,6,,,,,,
16781,8,3000000.0,300000.0,1200000.0,750000.0,15,21
16816,,,,,,,
16843,2,6000000.0,0.0,3000000.0,1500000.0,1,2
16884,6,7400000.0,600000.0,3800000.0,1500000.0,4,16
16939,,,,,,,
16999,2,3000000.0,300000.0,1200000.0,750000.0,5,8
17002,,6000000.0,200000.0,3100000.0,1200000.0,15,33
17020,,,,,,,
17051,Four people,,,,,,
17061,13,6000000.0,300000.0,2700000.0,1500000.0,10,42
17079,4,3000000.0,0.0,1500000.0,0.0,5,9
17111,,,,,,,
17249,,,,,,,
17250,,,,,,,
17255,"The business target is to employ, train and empower six (6) people after every six (6) months. These six (6) people will in turn be able to employ two (2) people at least. i.e.  (36) People at the end of the year directly and indirectly.",,,,,,
17300,,,,,,,
17367,,3600000.0,360000.0,1440000.0,900000.0,0,6
17382,,,,,,,
17392,5,,,,,,
17417,7,0.0,0.0,0.0,0.0,1,8
17528,,,,,,,
17732,,,,,,,
17748,,,,,,,
17763,,0.0,0.0,0.0,0.0,16,17
17801,,,,,,,
17833,,1400000.0,200000.0,600000.0,300000.0,1,4
17835,,4700000.0,470000.0,2180000.0,875000.0,5,9
17855,18 AT PRESENT,6000000.0,600000.0,2900000.0,1000000.0,24,56
17895,,6000000.0,600000.0,2400000.0,1500000.0,1,6
17943,6,,,,,,
17955,15,,,,,,
17992,,4800000.0,200000.0,2200000.0,1200000.0,10,15
18066,,9900000.0,990000.0,3960000.0,2475000.0,1,6
18080,,6000000.0,600000.0,2700000.0,1200000.0,6,9
18096,,3700000.0,370000.0,1480000.0,925000.0,2,4
18221,,3800000.0,380000.0,1520000.0,950000.0,8,13
18250,5,6000000.0,600000.0,2900000.0,1000000.0,4,8
18278,,6000000.0,400000.0,3600000.0,1000000.0,1,4
18284,,,,,,,
18349,,,,,,,
18393,,,,,,,
18439,,,,,,,
18449,5,5700000.0,0.0,4200000.0,500000.0,7,23
18572,two people,,,,,,
18613,,,,,,,
18623,Four(4),,,,,,
18636,6,4200000.0,420000.0,1980000.0,750000.0,3,9
18679,,,,,,,
18716,SEVEN,4000000.0,400000.0,1600000.0,1000000.0,10,24
18784,three,,,,,,
18788,,,,,,,
18795,,,,,,,
18797,2,6000000.0,0.0,3000000.0,1500000.0,7,16
18888,,0.0,0.0,0.0,0.0,8,19
18955,,,,,,,
19016,10,,,,,,
19032,,,,,,,
19093,,,,,,,
19152,currently seven,,,,,,
19162,,,,,,,
19307,,,,,,,
19308,,,,,,,
19342,"One staff and, Two (2) Casual worker.",8000000.0,800000.0,3200000.0,2000000.0,5,10
19349,,,,,,,
19363,,,,,,,
19379,,,,,,,
19417,,,,,,,
19422,,,,,,,
19513,20 permanent staff and between 10 â 50 part-time wage workers depending on labor requirements.,2700000.0,270000.0,1080000.0,675000.0,137,153
19515,,,,,,,
19519,,,,,,,
19632,,,,,,,
19651,,,,,,,
19664,,,,,,,
19710,4,,,,,,
19717,15,8500000.0,200000.0,5000000.0,1650000.0,169,254
19775,.  10 people,,,,,,
19776,,,,,,,
19790,3 for now,,,,,,
19867,,8500000.0,850000.0,3400000.0,2125000.0,2,9
19868,,,,,,,
19884,,,,,,,
19951,,,,,,,
19985,3,3000000.0,100000.0,1600000.0,650000.0,3,9
20026,3 PEOPLES,,,,,,
20056,,,,,,,
20063,,,,,,,
20084,,,,,,,
20102,,,,,,,
20134,25,0.0,0.0,0.0,0.0,5,8
20301,,,,,,,
20428,12,4000000.0,400000.0,1600000.0,1000000.0,11,17
20448,7 (4 female and 3 male),10000000.0,0.0,5000000.0,2500000.0,5,16
20530,,,,,,,
20549,THREE(3),3000000.0,300000.0,1200000.0,750000.0,11,17
20621,,,,,,,
20686,,,,,,,
20702,,,,,,,
20765,,,,,,,
20773,Four,,,,,,
20784,,4500000.0,150000.0,2100000.0,1125000.0,2,5
20795,3,,,,,,
20834,,,,,,,
20915,FIVE (5).,,,,,,
20937,Four,6000000.0,0.0,3000000.0,1500000.0,23,68
20987,,3800000.0,300000.0,1900000.0,800000.0,2,5
20992,,,,,,,
21036,,,,,,,
21044,5 EMPLOYEES,3400000.0,340000.0,1360000.0,850000.0,0,6
21092,,2500000.0,250000.0,1000000.0,625000.0,3,7
21112,,,,,,,
21271,,,,,,,
21341,,,,,,,
21351,,,,,,,
21376,,,,,,,
21400,,,,,,,
21407,,,,,,,
21415,5 on a full time basis,6000000.0,0.0,3000000.0,1500000.0,6,17
21476,Self Employed for now,,,,,,
21523,,5400000.0,300000.0,2400000.0,1350000.0,10,15
21539,,,,,,,
21546,,,,,,,
21580,,,,,,,
21617,12,4100000.0,410000.0,1640000.0,1025000.0,4,11
21641,2,,,,,,
21642,,,,,,,
21787,,,,,,,
21812,,,,,,,
21815,,6000000.0,300000.0,3700000.0,1000000.0,12,27
21854,5,10000000.0,1000000.0,4000000.0,2500000.0,35,42
21879,,,,,,,
21883,,3000000.0,300000.0,1700000.0,250000.0,1,4
21910,,,,,,,
21978,12,0.0,0.0,0.0,0.0,4,18
21981,,,,,,,
22101,6,3700000.0,370000.0,1480000.0,925000.0,5,14
22135,,,,,,,
22169,,,,,,,
22173,,6000000.0,200000.0,3300000.0,1000000.0,4,10
22206,,,,,,,
22268,,5750000.0,300000.0,3200000.0,750000.0,1,6
22286,,6000000.0,600000.0,2400000.0,1500000.0,50,58
22344,,,,,,,
22385,,,,,,,
22391,,5500000.0,300000.0,3700000.0,750000.0,3,11
22502,,4800000.0,480000.0,2320000.0,800000.0,11,19
22539,,,,,,,
22546,,4000000.0,100000.0,2200000.0,700000.0,25,35
22591,,5000000.0,200000.0,3400000.0,700000.0,4,6
22624,,,,,,,
22748,,,,,,,
22761,Eight (8),4000000.0,0.0,2000000.0,1000000.0,3,15
22783,,,,,,,
22810,10,4000000.0,400000.0,1600000.0,1000000.0,5,11
22826,Four,,,,,,
22852,,,,,,,
22853,TWELVE,,,,,,
22899,,,,,,,
22901,Four permanent and eight  casual staff.,,,,,,
22915,,,,,,,
22928,2,5600000.0,560000.0,2240000.0,1400000.0,30,42
22944,,,,,,,
22947,,,,,,,
22948,3,4000000.0,400000.0,1600000.0,1000000.0,33,40
22964,,0.0,0.0,0.0,0.0,2,7
23055,,,,,,,
23067,,6200000.0,200000.0,3300000.0,1200000.0,1,5
23087,8 people,9010000.0,600000.0,6410000.0,1000000.0,5,12
23193,13,6000000.0,200000.0,3100000.0,1200000.0,12,19
23219,13,0.0,0.0,0.0,0.0,15,20
23220,,,,,,,
23269,,,,,,,
23334,,7600000.0,500000.0,5000000.0,800000.0,2,6
23439,,,,,,,
23440,,,,,,,
23454,,,,,,,
23486,,,,,,,
23511,8,6000000.0,0.0,3000000.0,1500000.0,disqualified,disqualified
23529,,4600000.0,230000.0,2770000.0,800000.0,3,6
23531,,,,,,,
23556,,5800000.0,580000.0,2820000.0,950000.0,2,16
23596,,,,,,,
23636,,,,,,,
23640,,,,,,,
23681,15 persons,4000000.0,0.0,2000000.0,1000000.0,5,13
23702,,,,,,,
23738,3  on contract bases,,,,,,
23796,,,,,,,
23802,,,,,,,
23828,5,,,,,,
23832,3,7000000.0,200000.0,4300000.0,1250000.0,3,4
23858,,3800000.0,380000.0,1520000.0,950000.0,10,13
23893,,4000000.0,400000.0,1600000.0,1000000.0,5,12
23920,,4800000.0,480000.0,1920000.0,1200000.0,4,8
23932,,,,,,,
23959,,,,,,,
24048,,,,,,,
24128,,4000000.0,400000.0,1900000.0,700000.0,4,8
24136,,,,,,,
24166,10 staffs,0.0,0.0,0.0,0.0,5,22
24205,1,,,,,,
24223,5,,,,,,
24235,,,,,,,
24246,,6000000.0,600000.0,2900000.0,1000000.0,1,6
24256,,,,,,,
24262,,7000000.0,700000.0,3300000.0,1500000.0,3,5
24268,,,,,,,
24400,,,,,,,
24456,7,,,,,,
24477,7,0.0,0.0,0.0,0.0,2,8
24481,,,,,,,
24510,3,,,,,,
24662,,0.0,0.0,0.0,0.0,0,0
24685,,,,,,,
24690,Presently 56 youths(graduates) in Nasarawa and 68 in Kaduna State.,,,,,,
24741,,3200000.0,320000.0,1280000.0,800000.0,7,13
24758,2 Contract support staff.,0.0,0.0,0.0,0.0,2,4
24801,,3200000.0,0.0,1600000.0,800000.0,6,15
24851,,,,,,,
25036,,,,,,,
25070,2,7300000.0,730000.0,3920000.0,825000.0,5,8
25096,,,,,,,
25141,4,3800000.0,250000.0,2550000.0,500000.0,5,9
25148,,,,,,,
25149,,,,,,,
25154,5 at the moment,,,,,,
25162,Two permanent workers and casual workers.,5300000.0,400000.0,3300000.0,800000.0,200,204
25169,5,0.0,0.0,0.0,0.0,5,10
25255,,5500000.0,500000.0,2500000.0,1250000.0,2,10
25284,,,,,,,
25334,,,,,,,
25340,,,,,,,
25346,,9200000.0,200000.0,5800000.0,1200000.0,6,23
25362,4,4800000.0,300000.0,2500000.0,1000000.0,10,16
25397,,,,,,,
25411,3,0.0,0.0,0.0,0.0,7,13
25427,,,,,,,
25436,,,,,,,
25459,4 permanent staff and over 200 hundred youth are being developed,10000000.0,1000000.0,4000000.0,2500000.0,70,80
25535,10 workers,,,,,,
25571,,,,,,,
25602,,3200000.0,120000.0,1480000.0,800000.0,2,6
25637,,,,,,,
25664,"2 (PERMANENT STAFF), 4 (CONTRACT STAFF)",,,,,,
25681,9,6000000.0,600000.0,2400000.0,1500000.0,42,50
25688,,,,,,,
25709,,,,,,,
25735,Eight,0.0,0.0,0.0,0.0,7,25
25790,1,6000000.0,300000.0,3700000.0,1000000.0,9,11
25809,,6000000.0,600000.0,3000000.0,900000.0,5,12
25891,,,,,,,
25906,,,,,,,
25926,THREE (3),,,,,,
25943,4,10000000.0,1000000.0,5300000.0,1200000.0,20,22
25961,,,,,,,
25988,02,,,,,,
25996,,,,,,,
26069,Five (5),4000000.0,200000.0,2000000.0,800000.0,1,4
26120,,,,,,,
26156,Three people including my self,4500000.0,450000.0,1800000.0,1125000.0,20,42
26188,"Three (3) people, which includes the manager, secretary, producer.",,,,,,
26233,2,5000000.0,300000.0,2200000.0,1250000.0,1,9
26238,20,0.0,0.0,0.0,0.0,5,9
26290,,,,,,,
26296,,0.0,0.0,0.0,0.0,14,23
26302,THREE,4300000.0,400000.0,2300000.0,800000.0,3,8
26314,2,1500000.0,150000.0,600000.0,375000.0,1,5
26325,3 at present (20 - 25 at full capacity),6000000.0,200000.0,3800000.0,1000000.0,2,11
26343,,,,,,,
26383,,1500000.0,50000.0,700000.0,375000.0,2,12
26393,05,0.0,0.0,0.0,0.0,0,6
26408,,,,,,,
26454,,0.0,0.0,0.0,0.0,8,14
26468,seven (7),,,,,,
26497,non presently,,,,,,
26515,2,,,,,,
26649,13,6000000.0,200000.0,2400000.0,1700000.0,19,61
26685,2,9600000.0,300000.0,4300000.0,2500000.0,4,16
26697,2 staff,,,,,,
26705,,,,,,,
26725,,,,,,,
26751,,,,,,,
26752,THREE,5600000.0,300000.0,2500000.0,1400000.0,3,12
26769,,,,,,,
26784,,,,,,,
26819,3,6000000.0,600000.0,2400000.0,1500000.0,2,6
26847,,,,,,,
26867,,,,,,,
26893,3,,,,,,
27019,2,,,,,,
27034,6,4000000.0,400000.0,1600000.0,1000000.0,5,14
27062,5,,,,,,
27152,,,,,,,
27160,,,,,,,
27198,3-5,,,,,,
27212,7,,,,,,
27213,nil,,,,,,
27219,,,,,,,
27250,2,6000000.0,600000.0,2900000.0,1000000.0,5,9
27257,,,,,,,
27281,,,,,,,
27291,,3700000.0,380000.0,1920000.0,450000.0,6,10
27349,,4000000.0,400000.0,1600000.0,1000000.0,21,37
27379,1 for now,5500000.0,0.0,4500000.0,500000.0,8,14
27384,5,1800000.0,180000.0,720000.0,450000.0,5,13
27387,Five,6000000.0,0.0,3000000.0,1500000.0,9,13
27448,10 persons,6000000.0,600000.0,2400000.0,1500000.0,2,8
27479,25,,,,,,
27487,,3900000.0,400000.0,2000000.0,750000.0,12,21
27500,,,,,,,
27509,TWO,5700000.0,300000.0,2550000.0,1425000.0,3,7
27525,,,,,,,
27530,,,,,,,
27599,,,,,,,
27600,,,,,,,
27608,,,,,,,
27674,,,,,,,
27708,,4000000.0,400000.0,1600000.0,1000000.0,22,43
27818,,,,,,,
27820,10,0.0,0.0,0.0,0.0,20,30
27851,The business being a new business has been able to employ twelve (12) people hoping to employ hundreds and thousands in the future.,5700000.0,570000.0,2280000.0,1425000.0,4,11
27875,,3000000.0,300000.0,1200000.0,750000.0,12,19
27941,,,,,,,
27945,,,,,,,
27969,10,2000000.0,100000.0,900000.0,500000.0,24,33
28057,3,,,,,,
28111,Three,2000000.0,0.0,1000000.0,500000.0,5,9
28135,8,,,,,,
28184,9,0.0,0.0,0.0,0.0,13,16
28217,,,,,,,
28224,FOUR,4000000.0,0.0,2600000.0,700000.0,7,27
28230,,,,,,,
28321,,,,,,,
28400,,5700000.0,300000.0,2975000.0,1000000.0,6,14
28422,2,4000000.0,400000.0,1600000.0,1000000.0,5,13
28449,,,,,,,
28517,21,6000000.0,600000.0,2400000.0,1500000.0,4,16
28534,,,,,,,
28556,,,,,,,
28590,6,,,,,,
28591,,,,,,,
28605,"ONE SKILLED AND THREE UNSKILLED STAFFS, TOTALLING  FOUR STAFFS.",4200000.0,300000.0,2100000.0,900000.0,1,17
28693,,5400000.0,540000.0,2750000.0,760000.0,7,12
28735,no permanent employment,4000000.0,400000.0,1600000.0,1000000.0,7,20
28747,10 employees,,,,,,
28748,4,5800000.0,400000.0,3400000.0,1000000.0,1,5
28784,,,,,,,
28830,6,,,,,,
28844,10,5000000.0,500000.0,2000000.0,1250000.0,5,16
28874,,,,,,,
28903,2,,,,,,
28961,,3900000.0,390000.0,1560000.0,975000.0,7,39
29010,,,,,,,
29025,,,,,,,
29030,3,,,,,,
29052,11 people presently,5000000.0,500000.0,2000000.0,1250000.0,6,15
29062,,,,,,,
29070,6,,,,,,
29077,,,,,,,
29115,4 PERSONS,5100000.0,210000.0,2340000.0,1275000.0,4,7
29119,,,,,,,
29126,,1500000.0,150000.0,600000.0,375000.0,5,10
29163,,4500000.0,450000.0,1800000.0,1125000.0,2,7
29192,Two,,,,,,
29195,,6000000.0,600000.0,2400000.0,1500000.0,8,20
29201,,,,,,,
29211,,,,,,,
29212,,,,,,,
29254,Ten (10) Employees,,,,,,
29262,5 peopple,4000000.0,400000.0,1600000.0,1000000.0,25,44
29295,,,,,,,
29333,4,,,,,,
29349,Five,6000000.0,100000.0,2900000.0,1500000.0,5,12
29371,,,,,,,
29389,2,4000000.0,400000.0,1600000.0,1000000.0,8,14
29409,10,8700000.0,200000.0,2500000.0,3000000.0,0,4
29570,,,,,,,
29589,,3400000.0,340000.0,1360000.0,850000.0,0,3
29619,,,,,,,
29647,,,,,,,
29651,,,,,,,
29695,,,,,,,
29752,,,,,,,
29754,,,,,,,
29759,,,,,,,
29788,,,,,,,
29854,Ten persons (10),3400000.0,300000.0,2700000.0,200000.0,3,10
29871,,,,,,,
29907,3,,,,,,
29911,,,,,,,
29920,2,,,,,,
29930,,1400000.0,150000.0,700000.0,200000.0,4,8
29953,16 PERSONS,6000000.0,600000.0,2400000.0,1500000.0,16,25
30015,,,,,,,
30024,15,4400000.0,100000.0,2100000.0,1100000.0,5,8
30050,fifteen staff,,,,,,
30233,,,,,,,
30257,6,,,,,,
30271,2 staff,,,,,,
30323,15,0.0,0.0,0.0,0.0,7,10
30341,3,2200000.0,200000.0,1000000.0,500000.0,15,25
30489,,3000000.0,300000.0,1200000.0,750000.0,5,15
30532,,2400000.0,240000.0,960000.0,600000.0,23,48
30544,,,,,,,
30612,24 people currently,,,,,,
30638,,,,,,,
30656,,,,,,,
30701,,,,,,,
30715,,9700000.0,500000.0,5350000.0,1425000.0,4,14
30719,,,,,,,
30743,25 TO 50,10000000.0,1000000.0,4500000.0,2250000.0,2,10
30769,10,0.0,0.0,0.0,0.0,3,7
30837,6 (six),,,,,,
30897,,,,,,,
30902,,4750000.0,200000.0,3050000.0,750000.0,7,11
31018,,,,,,,
31066,3,4000000.0,200000.0,1800000.0,1000000.0,12,24
31107,7 people,4600000.0,160000.0,2440000.0,850000.0,4,12
31144,3 people,,,,,,
31202,2,2700000.0,270000.0,1080000.0,675000.0,2,4
31264,,6000000.0,600000.0,2900000.0,1000000.0,3,13
31346,,6000000.0,600000.0,2900000.0,1000000.0,52,62
31374,,6000000.0,200000.0,3300000.0,1000000.0,16,19
31385,10 People,8000000.0,800000.0,3200000.0,2000000.0,10,18
31412,5,5100000.0,510000.0,2040000.0,1275000.0,3,8
31461,Because i understand the business,,,,,,
31463,,,,,,,
31524,,5500000.0,150000.0,2600000.0,1375000.0,3,7
31531,,,,,,,
31557,at max 20 now 3,1200000.0,0.0,600000.0,300000.0,11,21
31635,3,,,,,,
31672,,5000000.0,200000.0,2000000.0,1400000.0,7,13
31674,10,3800000.0,200000.0,2100000.0,750000.0,20,34
31677,5,900000.0,90000.0,360000.0,225000.0,6,13
31697,,0.0,0.0,0.0,0.0,0,12
31810,,,,,,,
31908,,,,,,,
31935,,10000000.0,1000000.0,4000000.0,2500000.0,0,8
31948,,,,,,,
32000,,3800000.0,200000.0,1600000.0,1000000.0,4,6
32047,5,4500000.0,450000.0,1800000.0,1125000.0,3,5
32184,TWO,4500000.0,200000.0,2700000.0,800000.0,7,24
32244,,,,,,,
32245,Three People,8000000.0,0.0,4600000.0,1400000.0,20,26
32270,,,,,,,
32299,7,4500000.0,0.0,2450000.0,925000.0,6,10
32323,4,,,,,,
32368,at present 5,,,,,,
32478,6,3600000.0,60000.0,2140000.0,500000.0,10,17
32495,"5 PERMANENT, FLUNCTUATING  NUMBER OF TEMPORAL STAFFS",,,,,,
32502,,5000000.0,500000.0,2000000.0,1250000.0,4,12
32523,5 people.,0.0,0.0,0.0,0.0,4,10
32547,,6000000.0,0.0,3900000.0,600000.0,15,25
32565,6,,,,,,
32567,22,,,,,,
32592,,,,,,,
32627,FOUR  PERSONS,,,,,,
32663,3,0.0,0.0,0.0,0.0,6,12
32788,,,,,,,
32821,,0.0,0.0,0.0,0.0,4,11
32865,,3100000.0,100000.0,1500000.0,750000.0,4,10
32868,6,,,,,,
32892,,0.0,0.0,0.0,0.0,5,11
32902,3,0.0,0.0,0.0,0.0,6,12
32908,,,,,,,
32956,,,,,,,
32957,4,4800000.0,500000.0,1900000.0,1200000.0,8,28
32971,,,,,,,
32995,SEVEN,5100000.0,300000.0,2800000.0,1000000.0,7,22
33072,,4000000.0,400000.0,1600000.0,1000000.0,3,10
33106,none,,,,,,
33112,,,,,,,
33133,,,,,,,
33165,1,,,,,,
33179,10,2800000.0,280000.0,1120000.0,700000.0,3,8
33208,4,,,,,,
33217,,3000000.0,0.0,1500000.0,750000.0,yet to respond,yet to respond
33230,5,0.0,0.0,0.0,0.0,5,10
33265,one,3600000.0,360000.0,1440000.0,900000.0,3,10
33280,,,,,,,
33288,,4600000.0,460000.0,2140000.0,1000000.0,18,23
33413,,,,,,,
33437,,5700000.0,570000.0,2280000.0,1425000.0,12,18
33532,5 people,4500000.0,0.0,1500000.0,1500000.0,8,12
33542,,3000000.0,300000.0,1200000.0,750000.0,5,21
33552,â¢	6 people,0.0,0.0,0.0,0.0,0,8
33595,,,,,,,
33632,,,,,,,
33652,,0.0,0.0,0.0,0.0,6,26
33699,,,,,,,
33704,,6000000.0,600000.0,3000000.0,900000.0,95,107
33728,"Three(3), hoping to employ more as when the expansion takes effect.",0.0,0.0,0.0,0.0,4,8
33790,3 Employees,,,,,,
33795,,5500000.0,550000.0,2200000.0,1375000.0,82,86
33891,,,,,,,
33917,,,,,,,
33930,10,,,,,,
33946,,7000000.0,300000.0,4200000.0,500000.0,3,12
33970,THREE,1500000.0,150000.0,600000.0,375000.0,3,7
33974,,,,,,,
33977,,,,,,,
33982,,4800000.0,180000.0,2800000.0,620000.0,12,19
34002,7,2100000.0,210000.0,840000.0,525000.0,2,9
34058,3,0.0,0.0,0.0,0.0,2,4
34155,,,,,,,
34165,,,,,,,
34167,,,,,,,
34193,,,,,,,
34243,,,,,,,
34244,â¢	1 permanent staff and 3 contract staff,3600000.0,360000.0,1440000.0,900000.0,1,5
34327,5 employees and some other contract workers,4500000.0,450000.0,1800000.0,1125000.0,7,17
34380,,,,,,,
34457,,,,,,,
34466,3 people,,,,,,
34495,15,1500000.0,150000.0,600000.0,375000.0,2,7
34524,,5050000.0,500000.0,2550000.0,750000.0,disqualified,disqualified
34592,6 PEOPLE,9900000.0,990000.0,3960000.0,2475000.0,4,11
34723,Three,2000000.0,200000.0,800000.0,500000.0,4,10
34725,,,,,,,
34746,,,,,,,
34771,,,,,,,
34776,4,3600000.0,360000.0,2240000.0,500000.0,7,17
34788,,6000000.0,0.0,3000000.0,1500000.0,2,9
34806,8,4000000.0,100000.0,2200000.0,700000.0,3,15
34811,,,,,,,
34850,,,,,,,
34856,,,,,,,
35000,,,,,,,
35008,15,0.0,0.0,0.0,0.0,10,20
35043,,,,,,,
35054,,6000000.0,600000.0,2400000.0,1500000.0,3,10
35098,,1900000.0,190000.0,760000.0,475000.0,4,10
35141,,,,,,,
35158,,,,,,,
35217,6,1600000.0,160000.0,800000.0,240000.0,2,12
35312,10,,,,,,
35348,six (6) personnel thus far,0.0,0.0,0.0,0.0,6,15
35359,currently five members of staff are employed.,5000000.0,500000.0,2400000.0,850000.0,3,6
35436,3,0.0,0.0,0.0,0.0,7,12
35443,,3200000.0,320000.0,1280000.0,800000.0,2,5
35499,21 (Twenty One),0.0,0.0,0.0,0.0,2,17
35539,,,,,,,
35581,,2500000.0,50000.0,1450000.0,500000.0,3,5
35619,,,,,,,
35631,2,3000000.0,300000.0,1200000.0,750000.0,1,6
35632,,6400000.0,640000.0,3060000.0,1100000.0,3,10
35682,,4500000.0,450000.0,1800000.0,1125000.0,25,71
35726,,,,,,,
35728,,,,,,,
35735,2 People,,,,,,
35844,,,,,,,
35851,,,,,,,
35931,,,,,,,
35989,,,,,,,
35995,,5300000.0,300000.0,2500000.0,1250000.0,Deceased,Deceased
36049,10 persons,,,,,,
36103,,4000000.0,400000.0,1600000.0,1000000.0,8,15
36122,,,,,,,
36165,,,,,,,
36180,,6000000.0,600000.0,2400000.0,1500000.0,18,21
36311,5,0.0,0.0,0.0,0.0,30,45
36332,2 parmanet/20-30 casuals pending on farm cores,4000000.0,400000.0,1600000.0,1000000.0,29,52
36348,3,,,,,,
36439,,,,,,,
36452,,,,,,,
36513,,,,,,,
36514,Five (5) people,0.0,0.0,0.0,0.0,17,26
36531,,,,,,,
36639,,,,,,,
36640,4 PERSONS,,,,,,
36663,,,,,,,
36724,,7200000.0,400000.0,5300000.0,750000.0,10,15
36738,4 people,,,,,,
36787,,,,,,,
36820,,,,,,,
36986,for now 4 people,,,,,,
37003,,2000000.0,200000.0,800000.0,500000.0,disqualified,disqualified
37019,5,6450000.0,0.0,3850000.0,600000.0,18,30
37072,,,,,,,
37102,2 PERSONS,,,,,,
37158,,,,,,,
37173,myself and two other casual workers,,,,,,
37175,5,3000000.0,300000.0,1700000.0,500000.0,4,9
37187,,6000000.0,300000.0,3300000.0,1200000.0,35,38
37194,4,4000000.0,400000.0,1600000.0,1000000.0,10,18
37308,,,,,,,
37333,Fifteen,,,,,,
37402,,,,,,,
37415,,,,,,,
37456,2,,,,,,
37470,,,,,,,
37482,20,0.0,0.0,0.0,0.0,6,15
37484,,0.0,0.0,0.0,0.0,2,6
37486,Our key staff are 8 eight in number,4000000.0,400000.0,1600000.0,1000000.0,10,14
37542,,,,,,,
37554,2,6000000.0,600000.0,2400000.0,1500000.0,3,11
37598,,0.0,0.0,0.0,0.0,20,27
37605,6,9400000.0,940000.0,3760000.0,2350000.0,14,23
37633,,,,,,,
37635,,5700000.0,570000.0,2280000.0,1425000.0,4,16
37642,2,,,,,,
37664,,3000000.0,300000.0,1200000.0,750000.0,26,33
37678,,3600000.0,360000.0,1440000.0,900000.0,3,8
37687,,0.0,0.0,0.0,0.0,3,7
37718,1,,,,,,
37835,4,2500000.0,50000.0,1700000.0,250000.0,5,11
37874,three,6000000.0,600000.0,2400000.0,1500000.0,3,9
37876,,,,,,,
37892,Three (3) casual workers.,,,,,,
37897,,4600000.0,460000.0,1840000.0,1150000.0,29,37
37945,,,,,,,
37987,,6000000.0,200000.0,2400000.0,1700000.0,2,6
37993,,6000000.0,600000.0,2400000.0,1500000.0,3,24
38031,,,,,,,
38037,,,,,,,
38052,,,,,,,
38069,,,,,,,
38075,,,,,,,
38087,,6000000.0,600000.0,2400000.0,1500000.0,16,26
38103,i am still the only practising it on paper beacause oflack of funds.,,,,,,
38105,,,,,,,
38203,,,,,,,
38221,,,,,,,
38248,,2000000.0,150000.0,1100000.0,375000.0,3,6
38252,,,,,,,
38286,12 people,,,,,,
38292,7,,,,,,
38332,,6000000.0,600000.0,3400000.0,1000000.0,7,10
38356,20,10000000.0,0.0,6500000.0,1500000.0,35,55
38359,,2600000.0,260000.0,1040000.0,650000.0,5,8
38360,3,,,,,,
38377,,,,,,,
38448,4 employees,4000000.0,0.0,2000000.0,1000000.0,6,8
38507,,,,,,,
38573,3,3500000.0,150000.0,1600000.0,875000.0,3,6
38575,,6000000.0,200000.0,2800000.0,1500000.0,8,14
38586,,,,,,,
38608,6,4200000.0,420000.0,1680000.0,1050000.0,3,11
38706,7,9000000.0,900000.0,4100000.0,1750000.0,6,11
38727,,0.0,0.0,0.0,0.0,11,19
38747,,8200000.0,100000.0,5000000.0,1050000.0,7,19
38765,,,,,,,
38814,45,4000000.0,400000.0,1600000.0,1000000.0,5,25
38860,,,,,,,
38976,,,,,,,
39043,20,0.0,0.0,0.0,0.0,10,16
39048,15 people,10000000.0,400000.0,5300000.0,1800000.0,12,16
39102,20,,,,,,
39115,,,,,,,
39121,,,,,,,
39170,,,,,,,
39241,,3700000.0,370000.0,1780000.0,625000.0,2,8
39284,,,,,,,
39285,,,,,,,
39293,,,,,,,
39294,,,,,,,
39304,,,,,,,
39309,5,,,,,,
39334,,0.0,0.0,0.0,0.0,5,8
39372,9,,,,,,
39394,4,,,,,,
39396,,9600000.0,400000.0,3800000.0,2700000.0,43,50
39410,,,,,,,
39411,,,,,,,
39493,,,,,,,
39512,4,,,,,,
39640,5,10000000.0,200000.0,6800000.0,1500000.0,3,15
39722,My business currently employs 6 people.,4000000.0,0.0,2000000.0,1000000.0,8,11
39732,,,,,,,
39744,2,,,,,,
39789,5,,,,,,
39820,,,,,,,
39831,,,,,,,
39835,,,,,,,
39894,,,,,,,
39902,8,4200000.0,200000.0,1900000.0,1050000.0,5,10
39923,,,,,,,
39932,1,,,,,,
39941,"1 permanent, 10 contract",,,,,,
40020,,,,,,,
40026,,,,,,,
40070,,,,,,,
40079,,,,,,,
40084,,0.0,0.0,0.0,0.0,0,8
40101,15,10000000.0,0.0,5000000.0,2500000.0,3,15
40163,,,,,,,
40169,PRESENTLY 5,600000.0,60000.0,240000.0,150000.0,5,9
40170,4 persons,,,,,,
40212,,,,,,,
40269,,,,,,,
40309,2,6000000.0,600000.0,2400000.0,1500000.0,1,6
40313,,,,,,,
40321,,,,,,,
40343,7 FULL TIME EMPLOYEES & 7 APPRENTICES,5400000.0,140000.0,3150000.0,760000.0,4,8
40366,5,,,,,,
40373,,,,,,,
40406,,,,,,,
40416,,,,,,,
40452,13,,,,,,
40484,5,,,,,,
40487,,0.0,0.0,0.0,0.0,6,13
40518,43,5600000.0,560000.0,2240000.0,1400000.0,50,73
40531,,,,,,,
40532,,2900000.0,290000.0,1410000.0,600000.0,2,7
40539,4 PERSONNEL,6000000.0,0.0,5000000.0,500000.0,12,18
40558,,,,,,,
40571,,,,,,,
40581,,5400000.0,0.0,3050000.0,1000000.0,5,11
40584,,,,,,,
40626,5,2200000.0,220000.0,880000.0,550000.0,0,9
40630,,,,,,,
40639,average of 16,5700000.0,170000.0,3105000.0,1000000.0,6,12
40693,,,,,,,
40723,Five People,6000000.0,600000.0,2400000.0,1500000.0,4,12
40741,5,0.0,0.0,0.0,0.0,7,10
40766,4,6000000.0,600000.0,2800000.0,1100000.0,25,30
40776,,,,,,,
40784,,,,,,,
40835,FOUR THE,,,,,,
40874,86 people,,,,,,
40934,,,,,,,
40997,,,,,,,
41016,,,,,,,
41025,,,,,,,
41027,,,,,,,
41062,4 people,3100000.0,100000.0,2000000.0,500000.0,0,2
41081,,3600000.0,360000.0,1440000.0,900000.0,2,5
41093,ONE,,,,,,
41136,8,2500000.0,250000.0,1000000.0,625000.0,7,19
41139,6,3400000.0,200000.0,1800000.0,700000.0,30,51
41160,,,,,,,
41163,9 STAFF,0.0,0.0,0.0,0.0,4,10
41167,6,,,,,,
41190,4,,,,,,
41239,6,,,,,,
41313,,4000000.0,400000.0,1600000.0,1000000.0,13,39
41314,,0.0,0.0,0.0,0.0,2,6
41322,,5100000.0,510000.0,2040000.0,1275000.0,9,14
41348,2,,,,,,
41367,3,0.0,0.0,0.0,0.0,6,10
41374,,7300000.0,300000.0,4000000.0,1500000.0,8,13
41402,2,,,,,,
41421,,,,,,,
41455,4,6000000.0,200000.0,3100000.0,1200000.0,2,9
41471,,,,,,,
41496,4,,,,,,
41504,,,,,,,
41537,60,6000000.0,600000.0,2400000.0,1500000.0,12,19
41549,,,,,,,
41551,,,,,,,
41563,3,,,,,,
41621,,,,,,,
41628,4,3400000.0,100000.0,1600000.0,850000.0,2,4
41642,,,,,,,
41646,,,,,,,
41661,Presently I have 20 number of young Nigerian working under our organization from different part of the country.,4200000.0,0.0,2100000.0,1050000.0,0,9
41673,,,,,,,
41704,,6000000.0,600000.0,2900000.0,1000000.0,3,14
41720,,,,,,,
41722,,,,,,,
41759,6,6000000.0,600000.0,2400000.0,1500000.0,8,23
41799,,,,,,,
41861,4,4320000.0,0.0,1920000.0,1200000.0,34,44
41896,,,,,,,
41914,,,,,,,
41925,,,,,,,
41929,5,0.0,0.0,0.0,0.0,3,6
41944,,3800000.0,200000.0,2100000.0,750000.0,4,9
41948,,,,,,,
41949,2,,,,,,
42017,Two,7400000.0,740000.0,2960000.0,1850000.0,0,5
42020,,6000000.0,600000.0,2900000.0,1000000.0,6,15
42029,FOR NOW 2 PEOPLE,,,,,,
42043,,,,,,,
42105,,,,,,,
42115,,,,,,,
42130,FOUR,,,,,,
42131,,,,,,,
42143,,,,,,,
42185,,,,,,,
42189,,,,,,,
42191,,2500000.0,250000.0,1000000.0,625000.0,2,16
42209,,,,,,,
42232,,,,,,,
42278,3,3500000.0,150000.0,1800000.0,675000.0,2,6
42279,,8000000.0,300000.0,3700000.0,2000000.0,4,10
42330,3,4900000.0,490000.0,1960000.0,1225000.0,6,9
42398,,2500000.0,250000.0,1000000.0,625000.0,10,11
42455,,,,,,,
42492,,6000000.0,600000.0,2900000.0,1000000.0,1,4
42545,3,4000000.0,400000.0,1600000.0,1000000.0,15,23
42598,,0.0,0.0,0.0,0.0,5,10
42634,,,,,,,
42667,,,,,,,
42674,,,,,,,
42714,5 people,,,,,,
42720,seven (7) persons.,6000000.0,0.0,3000000.0,1500000.0,10,18
42740,,,,,,,
42798,,5000000.0,200000.0,2300000.0,1250000.0,6,18
42832,3 PEOPLE,,,,,,
42856,,,,,,,
42865,3,3000000.0,300000.0,1700000.0,500000.0,2,6
42876,,5500000.0,550000.0,2500000.0,1075000.0,3,9
42898,3,3000000.0,0.0,1650000.0,600000.0,3,7
42904,Numbers of people employed were eight but will be twenty or above when expanded or mechanized.,6000000.0,0.0,4000000.0,500000.0,0,14
42918,,,,,,,
42983,4,3000000.0,300000.0,1650000.0,400000.0,2,7
43051,10,,,,,,
43059,6,,,,,,
43076,,0.0,0.0,0.0,0.0,9,14
43115,10,700000.0,70000.0,280000.0,175000.0,1,5
43133,12 people,,,,,,
43181,,6000000.0,600000.0,2400000.0,1500000.0,15,25
43190,Presently 3,6200000.0,620000.0,2480000.0,1550000.0,0,3
43200,,,,,,,
43201,2 persons,,,,,,
43209,,,,,,,
43234,,4000000.0,400000.0,2400000.0,600000.0,disqualified,disqualified
43235,,,,,,,
43253,six,4000000.0,400000.0,1600000.0,1000000.0,13,21
43304,,,,,,,
43321,,5000000.0,200000.0,2900000.0,900000.0,50,77
43327,,,,,,,
43395,,,,,,,
43403,4,2000000.0,200000.0,800000.0,500000.0,0,9
43407,,10000000.0,1000000.0,5000000.0,2000000.0,10,22
43413,7 PEOPLE,3500000.0,400000.0,2100000.0,500000.0,0,5
43430,12,0.0,0.0,0.0,0.0,2,27
43444,,,,,,,
43458,,5000000.0,500000.0,2000000.0,1250000.0,1,7
43462,,,,,,,
43527,,,,,,,
43536,,,,,,,
43537,,,,,,,
43539,,,,,,,
43615,,,,,,,
43617,10,,,,,,
43628,,,,,,,
43656,,,,,,,
43725,,,,,,,
43737,,2800000.0,280000.0,1120000.0,700000.0,3,8
43769,,,,,,,
43775,,,,,,,
43797,,,,,,,
43825,,0.0,0.0,0.0,0.0,4,30
43855,,,,,,,
43875,,,,,,,
43899,3,6000000.0,200000.0,3800000.0,1000000.0,3,15
44024,FOUR PLUS,3000000.0,300000.0,1600000.0,350000.0,5,15
44031,3  Persons.,0.0,0.0,0.0,0.0,5,9
44060,2 persons,,,,,,
44068,2,,,,,,
44105,3,500000.0,50000.0,200000.0,125000.0,5,10
44152,I have 15 staffs working in my business,0.0,0.0,0.0,0.0,0,10
44164,,6200000.0,400000.0,3800000.0,1000000.0,2,6
44200,,,,,,,
44205,,,,,,,
44252,(3) three,,,,,,
44276,,,,,,,
44332,,,,,,,
44380,,,,,,,
44388,2 staff,3400000.0,340000.0,1860000.0,600000.0,8,16
44445,12 Persons,4500000.0,150000.0,2100000.0,1125000.0,15,26
44487,4 PEOPLE,,,,,,
44505,,,,,,,
44512,Four [4],,,,,,
44516,,,,,,,
44538,,6000000.0,0.0,3000000.0,1500000.0,5,10
44547,,,,,,,
44596,8 GRADUATES AND CORPERS.,4800000.0,480000.0,1920000.0,1200000.0,2,10
44598,,,,,,,
44609,,4100000.0,0.0,2050000.0,1025000.0,7,11
44679,,4000000.0,400000.0,1600000.0,1000000.0,3,9
44709,,,,,,,
44722,,,,,,,
44784,BETWEEN 3 AND 12 DEPENDING ON PROJECT SPECIFICATION AND TIMELINES.,10000000.0,200000.0,3300000.0,3250000.0,4,10
44833,,6000000.0,100000.0,3400000.0,1000000.0,6,23
44836,,,,,,,
44842,4 People,,,,,,
44883,,2400000.0,100000.0,1500000.0,400000.0,5,12
44889,,,,,,,
44900,,,,,,,
44917,,,,,,,
44919,,,,,,,
44925,,5400000.0,200000.0,3000000.0,850000.0,16,28
44926,,,,,,,
44937,,700000.0,70000.0,280000.0,175000.0,2,5
44940,2,0.0,0.0,0.0,0.0,8,12
44953,3,3600000.0,360000.0,1440000.0,900000.0,7,19
44955,,4200000.0,420000.0,1680000.0,1050000.0,3,7
45003,5 EMPLOYEES,3000000.0,300000.0,1200000.0,750000.0,6,13
45029,,,,,,,
45059,,,,,,,
45075,,4000000.0,400000.0,1600000.0,1000000.0,yet to respond,yet to respond
45082,2,,,,,,
45102,,0.0,0.0,0.0,0.0,8,14
45106,21,,,,,,
45184,4,5000000.0,500000.0,2000000.0,1250000.0,4,12
45281,,6000000.1,600000.1,2400000.0,1500000.0,0,3
45305,10persons,10000000.0,200000.0,4800000.0,2500000.0,6,11
45322,,4000000.0,400000.0,1600000.0,1000000.0,3,4
45356,,,,,,,
45395,,,,,,,
45401,,,,,,,
45426,,,,,,,
45437,,,,,,,
45470,,,,,,,
45527,,,,,,,
45537,,6000000.0,600000.0,3000000.0,900000.0,5,11
45557,4 People,,,,,,
45564,,,,,,,
45568,10,,,,,,
45600,,4700000.0,180000.0,2500000.0,820000.0,8,13
45601,,,,,,,
45605,,,,,,,
45608,,,,,,,
45616,,,,,,,
45666,,,,,,,
45667,,,,,,,
45678,,,,,,,
45708,,3890000.0,400000.0,940000.0,1275000.0,3,13
45717,3,0.0,0.0,0.0,0.0,4,9
45722,5,0.0,0.0,0.0,0.0,40,44
45750,,,,,,,
45802,,3000000.0,300000.0,1550000.0,400000.0,2,9
45809,,,,,,,
45845,,,,,,,
45853,,4000000.0,400000.0,1600000.0,1000000.0,22,36
45946,,,,,,,
45960,,,,,,,
45982,14,4000000.0,400000.0,1600000.0,1000000.0,5,25
46007,6,,,,,,
46041,,,,,,,
46064,3,5100000.0,400000.0,3200000.0,750000.0,26,34
46083,,,,,,,
46103,10,3400000.0,300000.0,1900000.0,600000.0,4,10
46122,,,,,,,
46167,,,,,,,
46215,,,,,,,
46322,,,,,,,
46378,6  persons,3400000.0,320000.0,1780000.0,500000.0,2,8
46383,,,,,,,
46423,,0.0,0.0,0.0,0.0,5,12
46482,,,,,,,
46484,5 people,,,,,,
46492,,,,,,,
46552,7 Staff,7500000.0,250000.0,3500000.0,1875000.0,8,23
46555,,,,,,,
46556,,,,,,,
46560,,6000000.0,100000.0,3100000.0,1300000.0,0,6
46563,,,,,,,
46572,2,0.0,0.0,0.0,0.0,15,21
46577,6,,,,,,
46608,6 people,,,,,,
46610,,,,,,,
46622,,,,,,,
46634,,6000000.0,800000.0,3000000.0,1100000.0,2,14
46683,,,,,,,
46695,,,,,,,
46723,Five(5),8000000.0,800000.0,3200000.0,2000000.0,7,13
46751,,,,,,,
46802,3,4400000.0,200000.0,2000000.0,1100000.0,8,15
46816,,,,,,,
46823,,,,,,,
46886,6,6000000.0,600000.0,2900000.0,1000000.0,23,31
46909,11,4700000.0,0.0,2350000.0,1175000.0,9,17
46930,,4000000.0,200000.0,1400000.0,1400000.0,3,9
46990,22 people employed,6500000.0,0.0,4500000.0,1000000.0,6,13
47041,"Our business have two types of employment, direct employment(permanent stuff) and indirect employment(contracts/actors) right now we have five(5) permanent stuff",8300000.0,830000.0,4320000.0,1075000.0,20,29
47083,,,,,,,
47101,,,,,,,
47127,2,,,,,,
47153,,0.0,0.0,0.0,0.0,5,8
47173,,,,,,,
47228,,6000000.0,200000.0,3000000.0,1300000.0,107,136
47234,,,,,,,
47261,,6600000.0,100000.0,4200000.0,650000.0,20,23
47267,3,,,,,,
47279,Three(3),3500000.0,350000.0,1400000.0,875000.0,2,6
47302,6,2200000.0,220000.0,880000.0,550000.0,4,17
47323,,,,,,,
47348,,5300000.0,300000.0,3000000.0,1000000.0,9,12
47370,,,,,,,
47425,,,,,,,
47451,,,,,,,
47466,,,,,,,
47470,,,,,,,
47478,,,,,,,
47492,2,,,,,,
47507,6,5800000.0,0.0,2900000.0,1450000.0,2,8
47511,,7200000.0,720000.0,2880000.0,1800000.0,20,27
47512,,,,,,,
47520,,,,,,,
47536,,0.0,0.0,0.0,0.0,5,7
47633,"there five skilled manager accountant and other 10 semi skilled, unskilled",6000000.0,0.0,2400000.0,2100000.0,50,70
47637,,0.0,0.0,0.0,0.0,3,9
47645,,3200000.0,320000.0,1280000.0,800000.0,5,7
47649,35-45,6000000.0,0.0,3900000.0,600000.0,26,32
47673,,,,,,,
47680,,,,,,,
47695,11.	Ten permanent poultry attendant and 3 â 5 non- permanent staff,,,,,,
47699,,,,,,,
47711,,,,,,,
47713,,,,,,,
47745,,3000000.0,300000.0,1200000.0,750000.0,1,4
47754,,,,,,,
47775,12,,,,,,
47879,7,4000000.0,400000.0,1600000.0,1000000.0,14,18
47898,,,,,,,
48004,4,4200000.0,120000.0,1980000.0,1050000.0,4,10
48067,,4000000.0,400000.0,1600000.0,1000000.0,2,10
48071,,,,,,,
48148,About 35 people,,,,,,
48159,,,,,,,
48175,15 people,5100000.0,510000.0,2040000.0,1275000.0,11,17
48219,,5000000.0,300000.0,2200000.0,1250000.0,13,18
48252,,5700000.0,600000.0,2100000.0,1500000.0,3,5
48282,,,,,,,
48311,,,,,,,
48349,,,,,,,
48386,,,,,,,
48404,,5200000.0,300000.0,3300000.0,800000.0,1,7
48514,,,,,,,
48522,3,3000000.0,50000.0,1750000.0,450000.0,2,6
48566,,,,,,,
48598,,4000000.0,400000.0,2100000.0,1000000.0,4,14
48608,,,,,,,
48643,,,,,,,
48661,presently 15 workers are employed by the company.,7700000.0,300000.0,3000000.0,2200000.0,0,11
48670,2,,,,,,
48680,,,,,,,
48682,,3400000.0,300000.0,1800000.0,650000.0,4,10
48697,,,,,,,
48715,,,,,,,
48737,,,,,,,
48740,,,,,,,
48762,,,,,,,
48771,,8000000.0,800000.0,4200000.0,1500000.0,1000,1005
48777,,3000000.0,300000.0,1200000.0,750000.0,14,23
48843,,3000000.0,0.0,1500000.0,750000.0,5,11
48897,5 WORKERS,6000000.0,0.0,3000000.0,1500000.0,3,15
48905,,6000000.0,300000.0,3300000.0,900000.0,1,12
48909,2,0.0,0.0,0.0,0.0,2,4
48917,3,6000000.0,600000.0,2400000.0,1500000.0,30,39
48925,,,,,,,
48934,,,,,,,
48951,,,,,,,
48956,,3400000.0,340000.0,1760000.0,450000.0,12,41
48966,4,6000000.0,0.0,3000000.0,1500000.0,11,15
48977,,,,,,,
48993,7,3670000.0,250000.0,1520000.0,950000.0,10,30
49020,,,,,,,
49087,,,,,,,
49114,20,5500000.0,200000.0,2925000.0,1000000.0,7,23
49124,72,,,,,,
49128,,,,,,,
49147,,,,,,,
49202,,,,,,,
49212,,6000000.0,0.0,3500000.0,1000000.0,6,13
49219,,,,,,,
49224,,,,,,,
49267,3,2400000.0,0.0,1500000.0,300000.0,2,9
49270,,,,,,,
49271,4,6000000.0,600000.0,2400000.0,1500000.0,25,29
49275,90-350,,,,,,
49298,,,,,,,
49326,,,,,,,
49378,,2700000.0,200000.0,1900000.0,300000.0,50,57
49395,,,,,,,
49402,,,,,,,
49542,2,,,,,,
49581,,,,,,,
49666,2,,,,,,
49743,12,,,,,,
49780,,,,,,,
49788,13 people,,,,,,
49796,,,,,,,
49825,,4000000.0,400000.0,1600000.0,1000000.0,6,10
49838,10,2000000.0,200000.0,1000000.0,300000.0,10,17
49842,,,,,,,
49873,,,,,,,
49884,,,,,,,
49904,9,,,,,,
49956,6 people,2000000.0,200000.0,1100000.0,200000.0,7,10
49961,,,,,,,
49972,,1810000.0,180000.0,1000000.0,180000.0,2,4
50016,5,4000000.0,400000.0,1600000.0,1000000.0,2,8
50043,,6000000.0,600000.0,2400000.0,1500000.0,0,15
50065,3,2000000.0,200000.0,800000.0,500000.0,7,11
50070,5,8500000.0,850000.0,3400000.0,2125000.0,20,30
50077,4,0.0,0.0,0.0,0.0,6,10
50111,11,1800000.0,100000.0,1100000.0,300000.0,15,23
50119,,8900000.0,450000.0,4000000.0,2225000.0,5,7
50165,we employed 60 labourers and 5 personnels .,0.0,0.0,0.0,0.0,13,22
50182,,,,,,,
50203,,,,,,,
50217,,,,,,,
50238,,,,,,,
50242,,,,,,,
50246,10,6000000.0,0.0,3500000.0,1000000.0,6,15
50300,15,,,,,,
50322,,,,,,,
50332,,4000000.0,400000.0,1600000.0,1000000.0,18,33
50373,,,,,,,
50394,,,,,,,
50461,,,,,,,
50486,,4800000.0,0.0,2400000.0,1200000.0,2,6
50523,,,,,,,
50541,,,,,,,
50548,,,,,,,
50560,,,,,,,
50580,,,,,,,
50596,,6000000.0,300000.0,3200000.0,1250000.0,4,11
50600,,,,,,,
50602,,6000000.0,600000.0,2400000.0,1500000.0,2,12
50631,,3100000.0,310000.0,1790000.0,500000.0,12,26
50676,,,,,,,
50690,3,0.0,0.0,0.0,0.0,7,17
50752,Ten persons,3000000.0,100000.0,1650000.0,500000.0,5,11
50788,,,,,,,
50793,,,,,,,
50811,4,2400000.0,100000.0,1160000.0,540000.0,0,7
50818,10,6000000.0,600000.0,2400000.0,1500000.0,6,11
50843,THREE PERSONS,,,,,,
50849,Five(5) people,,,,,,
50883,,,,,,,
50897,4,3500000.0,150000.0,1800000.0,675000.0,4,23
50937,11,6000000.0,0.0,3000000.0,1500000.0,3,15
50981,5 PERSONS FULL-TIME,,,,,,
51015,,,,,,,
51017,Five,,,,,,
51068,2,4000000.0,0.0,2000000.0,1000000.0,2,14
51081,10,,,,,,
51119,,,,,,,
51126,ELELEN,0.0,0.0,0.0,0.0,0,10
51139,,,,,,,
51141,,,,,,,
51214,,,,,,,
51219,20 employees,4000000.0,400000.0,1600000.0,1000000.0,10,16
51227,,5800000.0,200000.0,3150000.0,1000000.0,2,8
51236,,,,,,,
51271,TWO (ON PART-TIME).,,,,,,
51294,,,,,,,
51320,,3400000.0,150000.0,1950000.0,650000.0,1,4
51361,,1900000.0,190000.0,760000.0,475000.0,4,5
51390,,,,,,,
51431,,6000000.0,600000.0,3000000.0,900000.0,18,33
51441,,,,,,,
51476,,5300000.0,140000.0,2810000.0,1000000.0,12,20
51486,,,,,,,
51493,5,,,,,,
51500,2,,,,,,
51554,,,,,,,
51560,five people,,,,,,
51571,,,,,,,
51575,50,6000000.0,0.0,3000000.0,1500000.0,10,18
51600,9,6000000.0,600000.0,2400000.0,1500000.0,5,13
51627,,,,,,,
51717,,3900000.0,390000.0,1960000.0,575000.0,22,40
51719,,,,,,,
51742,10 people,,,,,,
51791,10 people,,,,,,
51802,10 people,,,,,,
51811,10 STAFF,4000000.0,100000.0,1400000.0,1500000.0,2,8
51846,,,,,,,
51863,,,,,,,
51891,,,,,,,
51946,,0.0,0.0,0.0,0.0,20,26
51961,,4100000.0,100000.0,2000000.0,1000000.0,2,9
52032,,,,,,,
52033,,,,,,,
52057,,0.0,0.0,0.0,0.0,12,18
52058,,6100000.0,610000.0,2440000.0,1525000.0,4,12
52145,,,,,,,
52183,,6000000.0,600000.0,2400000.0,1500000.0,5,13
52233,,,,,,,
52300,,,,,,,
52314,1,3500000.0,200000.0,2600000.0,350000.0,2,7
52318,17,600000.0,60000.0,240000.0,150000.0,withdrawn,withdrawn
52343,,,,,,,
52356,4,4000000.0,0.0,1000000.0,1500000.0,8,12
52363,8,,,,,,
52393,,,,,,,
52437,,,,,,,
52466,,6000000.0,600000.0,2400000.0,1500000.0,89,103
52534,,,,,,,
52538,,,,,,,
52565,,,,,,,
52597,10 employers,0.0,0.0,0.0,0.0,0,17
52640,,2000000.0,250000.0,1000000.0,375000.0,1,6
52641,,,,,,,
52674,,3000000.0,300000.0,1200000.0,750000.0,3,9
52723,7 permanent workers and 10 casual workers.,,,,,,
52786,8 people,1400000.0,50000.0,600000.0,375000.0,8,19
52799,,2600000.0,100000.0,1200000.0,650000.0,1,7
52810,,,,,,,
52816,,,,,,,
52855,,,,,,,
52862,Four (4),900000.0,90000.0,360000.0,225000.0,5,9
52866,,,,,,,
52936,,,,,,,
52979,,5100000.0,510000.0,2040000.0,1275000.0,6,15
53014,,,,,,,
53034,,,,,,,
53043,1 SKILLED AND 1 UNSKILLED STAFF,6000000.0,600000.0,2400000.0,1500000.0,8,13
53074,,,,,,,
53084,,,,,,,
53093,,,,,,,
53110,,,,,,,
53165,4 (Four),7200000.0,720000.0,3880000.0,800000.0,2,9
53173,,,,,,,
53242,,6000000.0,0.0,3400000.0,1100000.0,6,15
53283,3,6000000.0,600000.0,2400000.0,1500000.0,2,5
53300,,4000000.0,400000.0,1600000.0,1000000.0,5,23
53314,,,,,,,
53319,,,,,,,
53375,,3200000.0,300000.0,1900000.0,500000.0,yet to respond,yet to respond
53402,,,,,,,
53441,2,3000000.0,300000.0,1200000.0,750000.0,30,39
53460,3,,,,,,
53463,,0.0,0.0,0.0,0.0,3,13
53473,,,,,,,
53605,4 people,,,,,,
53616,,,,,,,
53618,,3600000.0,300000.0,2300000.0,500000.0,5,12
53638,,,,,,,
53643,7 and counting,6000000.0,600000.0,2400000.0,1500000.0,2,11
53769,19,9000000.0,0.0,4500000.0,2250000.0,10,38
53785,,,,,,,
53841,6,,,,,,
53858,5,,,,,,
53890,,4500000.0,450000.0,1800000.0,1125000.0,10,16
53916,1,1600000.0,160000.0,640000.0,400000.0,2,6
53932,7,,,,,,
53983,,,,,,,
53990,,7800000.0,780000.0,3620000.0,1450000.0,2,7
54004,,,,,,,
54030,3,4200000.0,100000.0,3100000.0,500000.0,4,8
54083,,0.0,0.0,0.0,0.0,12,20
54106,AS MUCH AS POSSIBLE,0.0,0.0,0.0,0.0,0,3
54116,,,,,,,
54175,FOUR,,,,,,
54200,,,,,,,
54211,,,,,,,
54214,,,,,,,
54243,8,3000000.0,300000.0,1200000.0,750000.0,6,11
54246,7,6000000.0,200000.0,3200000.0,1100000.0,5,21
54253,7,,,,,,
54285,2,0.0,0.0,0.0,0.0,2,6
54301,4,8000000.0,800000.0,2000000.0,2600000.0,4,6
54328,,,,,,,
54347,5 (Five),,,,,,
54358,,,,,,,
54371,,,,,,,
54399,,,,,,,
54413,5 STAFF,,,,,,
54442,,2400000.0,200000.0,1600000.0,300000.0,1,4
54462,16,,,,,,
54481,"For now, none. However, as the business grows, I hope to employ not less than eighty (80) graduates.",3600000.0,360000.0,1440000.0,900000.0,10,16
54502,,,,,,,
54503,,,,,,,
54609,,,,,,,
54616,8 Employeers,10000000.0,1000000.0,4000000.0,2500000.0,12,32
54639,7 (SEVEN ),3800000.0,380000.0,1520000.0,950000.0,2,10
54689,,,,,,,
54708,,,,,,,
54733,,6000000.0,600000.0,2400000.0,1500000.0,2,11
54738,6,7000000.0,300000.0,2800000.0,1000000.0,13,45
54792,,2400000.0,240000.0,1160000.0,400000.0,0,3
54805,,5300000.0,300000.0,3000000.0,1000000.0,18,30
54848,,,,,,,
54857,,4400000.0,440000.0,2100000.0,760000.0,3,7
54869,,,,,,,
54897,,,,,,,
54932,,,,,,,
54950,,,,,,,
54951,4 PEOPLE,,,,,,
54952,,,,,,,
54962,1,,,,,,
54975,five employees,,,,,,
54997,,0.0,0.0,0.0,0.0,disqualified,disqualified
55008,,,,,,,
55027,,,,,,,
55029,,,,,,,
55033,none,,,,,,
55045,,,,,,,
55054,,,,,,,
55113,,,,,,,
55115,,,,,,,
55123,,,,,,,
55127,,4500000.0,150000.0,2325000.0,900000.0,6,10
55137,,,,,,,
55153,,3400000.0,340000.0,1860000.0,600000.0,2,7
55159,8,2800000.0,280000.0,1120000.0,700000.0,2,7
55203,6,5800000.0,300000.0,3500000.0,1000000.0,6,22
55298,,,,,,,
55329,5,5000000.0,400000.0,3200000.0,700000.0,disqualified,disqualified
55345,2,4700000.0,470000.0,1880000.0,1175000.0,32,38
55427,,,,,,,
55481,,,,,,,
55527,FIVE,,,,,,
55592,,,,,,,
55602,,,,,,,
55650,Five,,,,,,
55658,,3900000.0,390000.0,1560000.0,975000.0,34,45
55669,,,,,,,
55682,Two Full-time Staff and Twenty Part-time Staff,6000000.0,600000.0,3400000.0,500000.0,disqualified,disqualified
55712,,,,,,,
55790,,,,,,,
55813,,,,,,,
55827,,,,,,,
55885,,,,,,,
55903,,,,,,,
55968,,0.0,0.0,0.0,0.0,2,7
55994,,3100000.0,250000.0,1600000.0,625000.0,3,38
56097,1,,,,,,
56176,,,,,,,
56366,,,,,,,
56384,8,4000000.0,200000.0,2800000.0,500000.0,2,5
56390,,,,,,,
56422,,,,,,,
56433,,,,,,,
56434,,,,,,,
56475,,,,,,,
56528,,,,,,,
56596,,,,,,,
56604,,6000000.0,600000.0,2400000.0,1500000.0,8,14
56640,10,7600000.0,760000.0,3040000.0,1900000.0,2,12
56653,,,,,,,
56656,3,6000000.0,0.0,3600000.0,900000.0,2,6
56700,,6000000.0,600000.0,2400000.0,1500000.0,5,15
56750,,1800000.0,100000.0,1400000.0,150000.0,1,2
56757,Twelve,0.0,0.0,0.0,0.0,6,13
56766,,,,,,,
56777,,,,,,,
56859,,,,,,,
56875,,,,,,,
56932,250 full time and independent marketers,,,,,,
56951,,,,,,,
56981,15 people,4000000.0,400000.0,1600000.0,1000000.0,3,22
56992,"There are presently forty five people n the schools pay roll. The break- down is as follows: 15 teachers, 10 care-grivers, 6 attendants, 3 ICT instructors, 1 music instructor, 1 director, 4 security men, 4 drivers and 1 account clerk.",0.0,0.0,0.0,0.0,12,40
56994,,,,,,,
57024,20,0.0,0.0,0.0,0.0,2,12
57030,"My farm presently employs 2-Fulltime Farm Attendants, who assist my wife and i in running the farm; we do engage some Temporary Workers as the need arises.",4000000.0,0.0,2000000.0,1000000.0,3,6
57036,two [2],,,,,,
57037,,,,,,,
57055,,10000000.0,1000000.0,4000000.0,2500000.0,10,30
57088,4 on a freelance (commission) basis,,,,,,
57116,,,,,,,
57157,,,,,,,
57221,12 PEOPLE,,,,,,
57278,3 persons,6000000.0,600000.0,2800000.0,1100000.0,2,10
57297,,,,,,,
57333,,,,,,,
57348,,,,,,,
57395,,,,,,,
57440,".12 i.e 2 COMPUTER SCIENTISTS,2 SUPPLIERS,AN ACCOUNTANT,4 MARKETERS,I LEGAL,2 BUSINESS MANAGERS",4000000.0,200000.0,1800000.0,1000000.0,8,18
57479,9,6000000.0,600000.0,2400000.0,1500000.0,10,26
57503,8(EIGHT),4500000.0,200000.0,2300000.0,1000000.0,3,15
57518,ï­	18,2800000.0,280000.0,1120000.0,700000.0,8,13
57528,,4000000.0,400000.0,1600000.0,1000000.0,2,8
57555,Five(5),6000000.0,600000.0,2400000.0,1500000.0,0,41
57556,6,6000000.0,600000.0,2400000.0,1500000.0,30,40
57564,2,4500000.0,250000.0,2300000.0,825000.0,10,22
57612,,,,,,,
57646,,,,,,,
57651,we have 32 people working in our offices now. we will employ more,,,,,,
57755,5 PERSONS,,,,,,
57770,,,,,,,
57907,FIVE (5) WORKERS,,,,,,
57972,,,,,,,
57989,,,,,,,
58068,6 STAFFS,3600000.0,360000.0,1440000.0,900000.0,2,7
58074,,,,,,,
58090,,,,,,,
58131,,,,,,,
58150,,,,,,,
58164,3,,,,,,
58199,,,,,,,
58240,,,,,,,
58248,5,,,,,,
58250,,,,,,,
58254,12,4000000.0,400000.0,1600000.0,1000000.0,37,42
58258,Four,5800000.0,200000.0,3150000.0,1000000.0,5,12
58289,,,,,,,
58380,,,,,,,
58396,,1000000.0,100000.0,400000.0,250000.0,11,15
58431,8,6000000.0,600000.0,2900000.0,1000000.0,10,22
58448,4 people,4000000.0,400000.0,1600000.0,1000000.0,4,11
58467,,,,,,,
58565,,,,,,,
58577,,,,,,,
58607,,,,,,,
58626,,,,,,,
58650,,,,,,,
58696,,0.0,0.0,0.0,0.0,3,10
58742,4,,,,,,
58775,,,,,,,
58799,,2800000.0,0.0,1400000.0,700000.0,2,10
58827,4 currently,4000000.0,400000.0,1600000.0,1000000.0,2,7
58831,,,,,,,
58834,"6 full time staff, up to 10 contractors as projects demands",4500000.0,450000.0,2050000.0,1000000.0,48,53
58857,,,,,,,
58980,4,0.0,0.0,0.0,0.0,18,26
58989,,,,,,,
58994,,,,,,,
59052,Five Employees,,,,,,
59071,,0.0,0.0,0.0,0.0,3,7
59085,,,,,,,
59097,,6000000.0,600000.0,2400000.0,1500000.0,14,20
59145,,4000000.0,400000.0,1600000.0,1000000.0,27,33
59167,,5500000.0,550000.0,2575000.0,1000000.0,10,14
59175,,5200000.0,400000.0,2600000.0,700000.0,10,15
59262,40 Peoples,4000000.0,400000.0,1600000.0,1000000.0,4,8
59274,4,,,,,,
59318,,,,,,,
59419,,5500000.0,550000.0,2200000.0,1375000.0,25,33
59430,,,,,,,
59434,Four directly  and many distributors,10000000.0,1000000.0,4000000.0,2500000.0,10,27
59459,,6400000.0,0.0,3800000.0,1000000.0,2,14
59511,,,,,,,
59518,7,5600000.0,60000.0,3040000.0,1250000.0,3,9
59566,,,,,,,
59599,,6500000.0,300000.0,3350000.0,1225000.0,7,13
59648,,6000000.0,600000.0,2400000.0,1500000.0,26,37
59730,,,,,,,
59774,,,,,,,
59791,,,,,,,
59939,,4800000.0,480000.0,2520000.0,900000.0,10,14
59940,7,,,,,,
60002,,,,,,,
60028,,0.0,0.0,0.0,0.0,6,10
60062,,,,,,,
60244,,,,,,,
60269,3 people presently,,,,,,
60270,,,,,,,
60435,,,,,,,
60450,,,,,,,
60456,,,,,,,
60461,4,0.0,0.0,0.0,0.0,2,11
60537,20,5000000.0,200000.0,3300000.0,750000.0,9,24
60632,,,,,,,
60716,,0.0,0.0,0.0,0.0,2,5
60764,,,,,,,
60767,,,,,,,
60803,,,,,,,
60810,,6400000.0,240000.0,2960000.0,1600000.0,3,6
60839,,,,,,,
60898,5,3200000.0,320000.0,1280000.0,800000.0,2,8
60961,,0.0,0.0,0.0,0.0,4,8
61043,,0.0,0.0,0.0,0.0,22,31
61067,7people,6000000.0,400000.0,3600000.0,1000000.0,6,23
61113,,,,,,,
61117,,,,,,,
61145,,,,,,,
61277,,,,,,,
61315,,,,,,,
61326,,6000000.0,200000.0,3200000.0,1100000.0,4,17
61343,,,,,,,
61361,,,,,,,
61439,,,,,,,
61510,,,,,,,
61560,4,6000000.0,600000.0,2400000.0,1500000.0,100,118
61612,,,,,,,
61630,,,,,,,
61640,7 persons,,,,,,
61701,,,,,,,
61733,,,,,,,
61758,15 workers,,,,,,
61761,,,,,,,
61766,,5400000.0,140000.0,2560000.0,1350000.0,5,11
61808,"Three (3) MD, Consultant Manager, HR Officer",5000000.0,100000.0,2200000.0,1350000.0,4,9
61859,,,,,,,
61862,13,6000000.0,200000.0,2800000.0,1500000.0,38,62
61871,Four permanent workers and six contract marketers.,,,,,,
61883,,6000000.0,600000.0,2400000.0,1500000.0,10,15
61914,Five (5),0.0,0.0,0.0,0.0,5,8
61966,3,,,,,,
61999,,,,,,,
62099,,,,,,,
62126,,,,,,,
62292,,,,,,,
62298,2 persons,3000000.0,300000.0,1200000.0,750000.0,10,15
62310,,,,,,,
62439,,2600000.0,260000.0,1040000.0,650000.0,3,11
62461,21,6000000.0,0.0,3600000.0,900000.0,0,6
62534,,5700000.0,570000.0,2780000.0,925000.0,5,13
62582,,,,,,,
62619,,5000000.0,400000.0,2600000.0,1000000.0,1,4
62651,5-10,4000000.0,400000.0,1600000.0,1000000.0,12,18
62653,,,,,,,
62660,,,,,,,
62697,,,,,,,
62791,6,0.0,0.0,0.0,0.0,5,15
62796,,,,,,,
62834,,,,,,,
62852,,,,,,,
62860,,,,,,,
62882,,,,,,,
62884,2 casual staffs and some family members,6000000.0,600000.0,2400000.0,1500000.0,11,19
62904,4 staffs and about 20 contract staff.,,,,,,
62908,SIX (6),4000000.0,400000.0,1600000.0,1000000.0,2,11
62915,5,,,,,,
62936,,4000000.0,400000.0,1600000.0,1000000.0,8,15
63010,,,,,,,
63092,Sixteen,,,,,,
63116,,,,,,,
63157,,1500000.0,0.0,925000.0,200000.0,14,18
63184,,,,,,,
63276,ten,0.0,0.0,0.0,0.0,1,6
63289,,0.0,0.0,0.0,0.0,0,4
63290,,,,,,,
63296,,,,,,,
63300,Seven,,,,,,
63367,3,4000000.0,400000.0,1600000.0,1000000.0,2,10
63455,,,,,,,
63500,,,,,,,
63559,,4200000.0,420000.0,1680000.0,1050000.0,17,28
63574,4,,,,,,
63608,17,0.0,0.0,0.0,0.0,4,14
63636,,6100000.0,250000.0,2600000.0,1625000.0,8,13
63656,,,,,,,
63693,,,,,,,
63811,,,,,,,
63830,10 people for now but more when expanded,3000000.0,0.0,1500000.0,750000.0,3,8
63858,2,6000000.0,600000.0,2400000.0,1500000.0,10,15
63871,,5200000.0,300000.0,3900000.0,500000.0,14,24
63938,,6000000.0,600000.0,2800000.0,1100000.0,8,17
63950,8,2500000.0,250000.0,1000000.0,625000.0,15,22
63975,,,,,,,
64008,3,,,,,,
64016,,4000000.0,400000.0,1600000.0,1000000.0,44,57
64017,ï_¶	Number of people the business employs are 8 people.,10000000.0,1000000.0,4000000.0,2500000.0,5,18
64033,,,,,,,
64071,,,,,,,
64146,3,,,,,,
64148,7,,,,,,
64154,4,3400000.0,340000.0,1360000.0,850000.0,6,23
64159,,,,,,,
64221,,,,,,,
64297,,0.0,0.0,0.0,0.0,8,14
64349,,,,,,,
64381,2,4800000.0,480000.0,1920000.0,1200000.0,3,11
64382,,,,,,,
64383,,,,,,,
64394,12,,,,,,
64466,,5400000.0,540000.0,2160000.0,1350000.0,1,8
64494,8 people,,,,,,
64583,,6000000.0,0.0,3300000.0,1200000.0,14,19
64594,20 above,,,,,,
64642,,,,,,,
64646,3 persons,6000000.0,600000.0,2400000.0,1500000.0,5,14
64659,,4000000.0,400000.0,1600000.0,1000000.0,35,43
64664,,,,,,,
64740,FOUR,,,,,,
64756,,,,,,,
64789,,,,,,,
64862,,,,,,,
64867,3,3020000.0,120000.0,800000.0,1050000.0,3,18
64905,,,,,,,
64940,,,,,,,
64953,,,,,,,
64984,8,,,,,,
65001,,,,,,,
65018,5,,,,,,
65035,,5400000.0,200000.0,3150000.0,700000.0,5,8
65082,12,,,,,,
65135,,,,,,,
65150,6,10000000.0,1000000.0,4000000.0,2500000.0,3,9
65180,,,,,,,
65365,,,,,,,
65368,,,,,,,
65386,,0.0,0.0,0.0,0.0,2,6
65456,,,,,,,
65465,,,,,,,
65527,,6000000.0,400000.0,3100000.0,1250000.0,31,44
65567,5,,,,,,
65599,,3000000.0,300000.0,1900000.0,400000.0,2,5
65614,,,,,,,
65640,4persons,,,,,,
65643,,,,,,,
65660,,,,,,,
65739,,,,,,,
65749,,,,,,,
65791,10 PEOPLE,,,,,,
65809,5,3200000.0,120000.0,1880000.0,400000.0,0,8
65875,,,,,,,
65905,80 WORKERS,,,,,,
65907,,5600000.0,560000.0,2240000.0,1400000.0,3,10
65948,,,,,,,
65967,,,,,,,
65972,7,3000000.0,300000.0,1200000.0,750000.0,4,10
65990,,5000000.0,200000.0,2750000.0,800000.0,33,45
66026,,,,,,,
66036,15 - 100 people and more depending on the project (kind of story) at hand.,0.0,0.0,0.0,0.0,5,11
66049,,,,,,,
66096,10,0.0,0.0,0.0,0.0,7,13
66143,,,,,,,
66157,,,,,,,
66179,,0.0,0.0,0.0,0.0,19,29
66182,SIXTEEN,4900000.0,600000.0,1900000.0,900000.0,12,29
66245,,,,,,,
66263,3,,,,,,
66302,3,6000000.0,600000.0,2900000.0,1000000.0,4,9
66307,,,,,,,
66377,,,,,,,
66382,10,10000000.0,250000.0,6000000.0,1250000.0,8,20
66384,,,,,,,
66385,4nos of permernt staffs and 10 nos labourers,10000000.0,1000000.0,5000000.0,2000000.0,2,9
66389,,1400000.0,140000.0,560000.0,350000.0,2,6
66416,Ten persons,,,,,,
66475,,,,,,,
66492,FOUR PERSONS,,,,,,
66539,,,,,,,
66556,,,,,,,
66634,22,3600000.0,360000.0,1440000.0,900000.0,6,12
66651,,3000000.0,300000.0,1400000.0,550000.0,3,7
66796,,,,,,,
66804,About 10-20 or more. It really depends on how big the event is and what services we are rendering.,5160000.0,300000.0,2160000.0,1350000.0,30,34
66823,The business currently employs four persons including myself.,,,,,,
66855,1,,,,,,
66865,ELEVEN,9000000.0,200000.0,4300000.0,2250000.0,40,52
66980,,,,,,,
66986,,3700000.0,400000.0,2500000.0,400000.0,5,15
66999,,,,,,,
67020,7,,,,,,
67036,,,,,,,
67044,,,,,,,
67054,,3600000.0,0.0,2000000.0,800000.0,12,22
67056,My self,4000000.0,100000.0,1900000.0,1000000.0,5,12
67058,,,,,,,
67119,we have 9 permanent staff and 57 employees on daily bases.,6000000.0,0.0,3000000.0,1500000.0,8,24
67129,,,,,,,
67130,,,,,,,
67140,,3000000.0,300000.0,1500000.0,450000.0,3,6
67171,Just me,3900000.0,390000.0,1560000.0,975000.0,0,6
67219,,,,,,,
67293,"15 persons and could be more (contract and permanent basis, as the case maybe)",,,,,,
67322,,,,,,,
67328,10 people,6000000.0,600000.0,2400000.0,1500000.0,14,24
67351,Nill,,,,,,
67389,2 PEOPLE.,1800000.0,180000.0,720000.0,450000.0,6,11
67430,13,,,,,,
67526,,,,,,,
67582,,3600000.0,360000.0,1440000.0,900000.0,2,10
67597,"Presently, the number of employees are 6; 2 directors, 1 sales/marketer,  1 graphic designer, 1 artist and 1 secretary",,,,,,
67599,,,,,,,
67731,1,,,,,,
67764,,,,,,,
67765,,,,,,,
67784,,0.0,0.0,0.0,0.0,6,6
67790,,4200000.0,420000.0,1680000.0,1050000.0,2,14
67822,,,,,,,
67871,,,,,,,
67882,3,7000000.0,400000.0,3600000.0,1500000.0,6,19
67954,,,,,,,
68052,,6000000.0,600000.0,2800000.0,1300000.0,52,62
68118,2,6000000.0,0.0,3100000.0,1400000.0,2,10
68146,,,,,,,
68162,,6000000.0,600000.0,3100000.0,800000.0,3,7
68163,,4000000.0,400000.0,1600000.0,1000000.0,2,10
68214,,,,,,,
68216,,,,,,,
68252,,7900000.0,200000.0,1700000.0,3000000.0,8,13
68268,,,,,,,
68283,,4000000.0,400000.0,1600000.0,1000000.0,4,6
68291,,,,,,,
68332,,0.0,0.0,0.0,0.0,7,11
68360,t,6000000.0,600000.0,2400000.0,1500000.0,1,9
68394,,2200000.0,200000.0,1500000.0,250000.0,yet to respond,yet to respond
68436,,3000000.0,180000.0,1620000.0,600000.0,3,6
68479,,,,,,,
68505,,,,,,,
68576,,,,,,,
68598,,,,,,,
68649,,,,,,,
68712,Two (2),,,,,,
68714,,,,,,,
68735,,,,,,,
68747,13,6800000.0,200000.0,3200000.0,1700000.0,13,22
68762,,0.0,0.0,0.0,0.0,25,25
68778,3,4500000.0,450000.0,1800000.0,1125000.0,1,9
68798,10 persons,4800000.0,0.0,2400000.0,1200000.0,6,18
68817,,,,,,,
68858,,1500000.0,150000.0,600000.0,375000.0,6,11
68875,,,,,,,
68911,,,,,,,
68932,,4000000.0,300000.0,2200000.0,750000.0,18,23
68953,,,,,,,
68967,Ten at the moment,6000000.0,0.0,3000000.0,1500000.0,50,65
68977,,,,,,,
68983,,,,,,,
69056,,,,,,,
69080,,,,,,,
69115,,5600000.0,160000.0,2900000.0,1140000.0,0,4
69176,,,,,,,
69236,,,,,,,
69261,,5500000.0,300000.0,3200000.0,1000000.0,50,55
69267,12,,,,,,
69330,4 persons,1900000.0,150000.0,1000000.0,375000.0,3,9
69371,"I employed 10 persons to assist me operate the business. I do believe that with more capital injection in the business and it's resultant effect, I shall employ more hands, say up to 20 or more persons.",,,,,,
69403,,2500000.0,250000.0,1000000.0,625000.0,0,2
69423,,,,,,,
69429,15,,,,,,
69446,,,,,,,
69472,"2 full time, 4 part time",,,,,,
69482,,,,,,,
69580,4,4500000.0,450000.0,1800000.0,1125000.0,0,4
69629,2 permanent saffs and 4 (IT)Sudents from Lautech.,6000000.0,600000.0,2400000.0,1500000.0,9,21
69630,,,,,,,
69641,,,,,,,
69647,eighteen,5000000.0,500000.0,2500000.0,750000.0,48,56
69671,5,5400000.0,200000.0,2500000.0,1350000.0,10,28
69705,,5500000.0,300000.0,3200000.0,1000000.0,yet to respond,yet to respond
69736,,,,,,,
69761,10  (TEN),,,,,,
69765,,5000000.0,300000.0,3300000.0,700000.0,28,41
69770,,0.0,0.0,0.0,0.0,3,7
69866,,,,,,,
69883,3 people,,,,,,
69953,,,,,,,
69963,,,,,,,
70007,,,,,,,
70036,therty people [30],,,,,,
70066,,,,,,,
70068,,,,,,,
70110,twenty youth [ 20],,,,,,
70152,,4000000.0,400000.0,1900000.0,700000.0,2,7
70155,,,,,,,
70207,,6000000.0,600000.0,2400000.0,1500000.0,12,16
70226,,5900000.0,400000.0,3000000.0,1250000.0,3,9
70231,,,,,,,
70257,,,,,,,
70305,,10000000.0,1000000.0,5500000.0,1750000.0,6,19
70381,10,0.0,0.0,0.0,0.0,4,7
70384,,0.0,0.0,0.0,0.0,25,29
70395,8,,,,,,
70415,,4000000.0,400000.0,1600000.0,1000000.0,2,10
70427,,,,,,,
70434,Two people,3000000.0,300000.0,1200000.0,750000.0,10,16
70451,four,,,,,,
70480,,,,,,,
70693,,,,,,,
70749,Twenty people (20),,,,,,
70753,,,,,,,
70755,,,,,,,
70764,10 PEOPLE,5500000.0,250000.0,3100000.0,775000.0,18,33
70765,,5000000.0,300000.0,2450000.0,1000000.0,35,55
70795,,,,,,,
71016,,,,,,,
71022,,5000000.0,100000.0,2900000.0,1000000.0,2,6
71044,,,,,,,
71060,,,,,,,
71180,,,,,,,
71215,10,6000000.0,600000.0,2400000.0,1500000.0,4,12
71219,,,,,,,
71243,,,,,,,
71245,3,0.0,0.0,0.0,0.0,9,12
71280,,,,,,,
71293,,,,,,,
71369,,,,,,,
71411,10,,,,,,
71539,,,,,,,
71557,,,,,,,
71558,40,,,,,,
71567,,,,,,,
71581,,4800000.0,480000.0,2420000.0,700000.0,19,28
71640,,,,,,,
71661,,,,,,,
71756,,,,,,,
71825,11,900000.0,90000.0,360000.0,225000.0,1,9
71896,,3000000.0,200000.0,1550000.0,625000.0,7,8
71966,18  staff,8700000.0,870000.0,3480000.0,2175000.0,10,18
71974,50WORKERS,,,,,,
72012,,,,,,,
72043,5,2000000.0,200000.0,1100000.0,200000.0,disqualified,disqualified
72046,,,,,,,
72105,3,,,,,,
72110,6,2500000.0,250000.0,1225000.0,400000.0,2,9
72166,,,,,,,
72171,,0.0,0.0,0.0,0.0,1,5
72179,,,,,,,
72216,,,,,,,
72233,,,,,,,
72269,,,,,,,
72280,,,,,,,
72354,,,,,,,
72368,,,,,,,
72376,,,,,,,
72390,,,,,,,
72394,,2600000.0,260000.0,1040000.0,650000.0,6,7
72399,,,,,,,
72418,,,,,,,
72444,,,,,,,
72449,,2500000.0,150000.0,1625000.0,200000.0,5,12
72474,,,,,,,
72496,,,,,,,
72510,"12 regular, 3 consultants",,,,,,
72517,2,0.0,0.0,0.0,0.0,7,15
72521,10,5400000.0,0.0,2700000.0,1350000.0,3,8
72571,2 People,,,,,,
72585,,0.0,0.0,0.0,0.0,12,18
72596,,,,,,,
72648,,,,,,,
72718,,,,,,,
72729,,6000000.0,600000.0,2800000.0,1100000.0,30,40
72759,,,,,,,
72777,2 full time staff and 10 Adhoc staff,4000000.0,400000.0,1600000.0,1000000.0,9,13
72780,,,,,,,
72782,,,,,,,
72815,3,,,,,,
72845,5 PEOPLE MANY AGENTS INDRECTLY,4000000.0,400000.0,1600000.0,1000000.0,28,37
72882,7,10000000.0,1000000.0,4000000.0,2500000.0,7,12
72897,15,5500000.0,0.0,1000000.0,3000000.0,20,28
73020,10 (ten) workers an above,3400000.0,160000.0,1440000.0,900000.0,12,19
73071,3,,,,,,
73104,3,,,,,,
73105,,,,,,,
73118,,3800000.0,300000.0,2500000.0,500000.0,8,15
73119,,5000000.0,400000.0,2300000.0,1000000.0,17,26
73152,,5200000.0,520000.0,2080000.0,1300000.0,11,34
73178,30,,,,,,
73196,,,,,,,
73230,,3000000.0,300000.0,1700000.0,500000.0,13,21
73234,,3000000.0,300000.0,1200000.0,750000.0,10,15
73252,4,6000000.0,200000.0,3100000.0,1200000.0,4,26
73266,8 as at now,0.0,0.0,0.0,0.0,disqualified,disqualified
73274,,3000000.0,300000.0,1200000.0,750000.0,9,18
73309,5 persons,,,,,,
73343,,,,,,,
73369,,,,,,,
73389,,,,,,,
73392,,,,,,,
73446,,0.0,0.0,0.0,0.0,2,4
73500,8,6000000.0,0.0,3000000.0,1500000.0,10,14
73502,presently ; 2 people,3100000.0,100000.0,1950000.0,300000.0,3,9
73505,Eleven persons.,5100000.0,510000.0,2040000.0,1275000.0,19,30
73511,,,,,,,
73539,50,2500000.0,300000.0,1300000.0,450000.0,20,23
73540,11,4000000.0,0.0,2600000.0,400000.0,6,18
73591,3 people,,,,,,
73598,,0.0,0.0,0.0,0.0,3,12
73611,5,3600000.0,0.0,2600000.0,500000.0,3,6
73661,3,,,,,,
73712,,6000000.1,600000.1,2400000.0,1500000.0,3,10
73742,45,6000000.0,600000.0,2400000.0,1500000.0,28,38
73791,,,,,,,
73802,,6000000.0,600000.0,2900000.0,1000000.0,18,26
73804,,5100000.0,510000.0,2040000.0,1275000.0,4,12
73822,": 2 security guard 1.Driver,2 attendance, AND A MANAGER and a cleaner",,,,,,
73860,5,2600000.0,260000.0,1040000.0,650000.0,3,11
73907,,,,,,,
73962,5,0.0,0.0,0.0,0.0,5,9
74046,,,,,,,
74048,,,,,,,
74178,5,,,,,,
74182,,,,,,,
74197,500 people and above,,,,,,
74223,,3700000.0,300000.0,1900000.0,750000.0,1,6
74273,Rigth now I employ 4 people and plan to add more.,,,,,,
74277,20,5800000.0,580000.0,2320000.0,1450000.0,2,20
74314,,,,,,,
74358,2,1500000.0,150000.0,600000.0,375000.0,4,5
74379,,2000000.0,200000.0,800000.0,500000.0,5,12
74396,,,,,,,
74439,,,,,,,
74442,,,,,,,
74443,,2300000.0,230000.0,920000.0,575000.0,6,11
74458,,4700000.0,300000.0,3200000.0,600000.0,9,15
74538,,4000000.0,400000.0,1600000.0,1000000.0,15,28
74554,,,,,,,
74558,,,,,,,
74598,,,,,,,
74620,,,,,,,
74647,,,,,,,
74657,,,,,,,
74677,29,6000000.0,0.0,3000000.0,1500000.0,4,12
74683,,,,,,,
74701,3 people,1800000.0,180000.0,720000.0,450000.0,9,14
74719,,,,,,,
74757,7 WORKERS,5000000.0,200000.0,1500000.0,1650000.0,15,40
74770,Number of people the business   employs: fifteen (15) people,0.0,0.0,0.0,0.0,8,42
74802,,,,,,,
74803,1,5200000.0,200000.0,3600000.0,700000.0,8,22
74824,,5700000.0,0.0,2850000.0,1425000.0,6,18
74839,,,,,,,
74916,,0.0,0.0,0.0,0.0,12,24
74931,,,,,,,
74956,,0.0,0.0,0.0,0.0,5,12
75034,,3000000.0,300000.0,1650000.0,300000.0,2,6
75117,,,,,,,
75144,,,,,,,
75171,,,,,,,
75190,Five people,4000000.0,400000.0,1600000.0,1000000.0,2,11
75345,,,,,,,
75365,100,0.0,0.0,0.0,0.0,3,8
75396,,6000000.0,600000.0,2400000.0,1500000.0,10,20
75397,6,3900000.0,300000.0,2200000.0,700000.0,5,10
75472,,,,,,,
75512,,,,,,,
75519,2,5200000.0,300000.0,2600000.0,1150000.0,2,15
75564,7 staffs at the moment,,,,,,
75569,,6000000.0,600000.0,2400000.0,1500000.0,45,60
75611,Twelve persons,6000000.0,0.0,3800000.0,700000.0,15,19
75616,,3200000.0,120000.0,2280000.0,400000.0,6,9
75638,4,3200000.0,300000.0,1000000.0,950000.0,6,15
75667,,3600000.0,200000.0,2200000.0,600000.0,7,13
75676,ten,,,,,,
75705,,,,,,,
75762,fifteen 15 people.,1600000.0,100000.0,900000.0,300000.0,2,5
75772,,,,,,,
75785,25,,,,,,
75807,,3600000.0,360000.0,1440000.0,900000.0,10,17
75813,,,,,,,
75823,,,,,,,
75858,,,,,,,
75884,,5800000.0,580000.0,2320000.0,1450000.0,2,7
75898,,,,,,,
75907,,,,,,,
75953,,,,,,,
75960,,,,,,,
75967,,0.0,0.0,0.0,0.0,0,6
75973,,,,,,,
76031,,,,,,,
76060,,,,,,,
76154,,5500000.0,250000.0,3375000.0,500000.0,9,18
76167,20,0.0,0.0,0.0,0.0,10,21
76179,,,,,,,
76216,,,,,,,
76234,,,,,,,
76256,The business currently employs four (4) people.,,,,,,
76274,,,,,,,
76312,64,0.0,0.0,0.0,0.0,35,77
76382,,,,,,,
76389,3,,,,,,
76405,17 person,2800000.0,280000.0,1120000.0,700000.0,12,18
76465,,,,,,,
76503,,,,,,,
76508,,,,,,,
76520,,,,,,,
76596,,,,,,,
76658,,,,,,,
76777,,,,,,,
76785,Nine (9),,,,,,
76799,11,6000000.0,600000.0,2400000.0,1500000.0,7,20
76800,,,,,,,
76820,20,0.0,0.0,0.0,0.0,4,10
76825,,,,,,,
76837,,,,,,,
76888,,,,,,,
76899,12 People.,,,,,,
76972,,4800000.0,480000.0,1920000.0,1200000.0,7,11
76981,,,,,,,
77029,FOUR,0.0,0.0,0.0,0.0,4,12
77074,,,,,,,
77095,,,,,,,
77110,,,,,,,
77120,,,,,,,
77124,,,,,,,
77157,,,,,,,
77247,,,,,,,
77312,,,,,,,
77320,6,,,,,,
77390,10 employee.,2800000.0,280000.0,1120000.0,700000.0,2,5
77474,,,,,,,
77543,,,,,,,
77562,One person is employed,0.0,0.0,0.0,0.0,3,12
77594,,5800000.0,580000.0,2320000.0,1450000.0,3,9
77629,,,,,,,
77671,Twenty five (25) both teaching and non-teaching staff,0.0,0.0,0.0,0.0,0,10
77740,,,,,,,
77770,,,,,,,
77772,,,,,,,
77784,,,,,,,
77831,"-	permanent staff number including executive directors: 13 (8 directors and 5 permanent staff) -	ad hoc staff working as farm hands, seed suppliers: so far about 25",6000000.0,0.0,3000000.0,1500000.0,20,25
77853,4,6000000.0,600000.0,2400000.0,1500000.0,3,8
77861,,,,,,,
77885,,,,,,,
77967,,,,,,,
78011,10PERMANENT STAFF AND 15 CONTRACT SERVICE PERSONNEL,5000000.0,300000.0,2700000.0,1000000.0,7,23
78016,,,,,,,
78059,,,,,,,
78061,,,,,,,
78107,,,,,,,
78198,,3900000.0,250000.0,1850000.0,900000.0,5,13
78207,14,4600000.0,200000.0,2200000.0,1100000.0,6,20
78244,,,,,,,
78296,,1800000.0,180000.0,720000.0,450000.0,4,8
78306,15,,,,,,
78309,2,,,,,,
78320,"3 people main staff,and 6 technical  people",2100000.0,210000.0,840000.0,525000.0,10,15
78321,,,,,,,
78531,,0.0,0.0,0.0,0.0,3,7
78540,,,,,,,
78558,,,,,,,
78593,,,,,,,
78624,5,3900000.0,190000.0,1760000.0,975000.0,1,8
78659,,,,,,,
78727,,,,,,,
78814,,5500000.0,550000.0,2200000.0,1375000.0,83,88
78835,This Business can employ and empower more than 50 people in the FCT,,,,,,
78885,,6000000.0,600000.0,3300000.0,600000.0,3,7
78931,,,,,,,
78932,,,,,,,
79062,,4000000.0,400000.0,1900000.0,700000.0,17,24
79112,,0.0,0.0,0.0,0.0,16,21
79220,,3300300.0,130030.0,1520120.0,825075.0,8,16
79239,5 full time staff and takes 6 part time staff quarterly as IT Students,6000000.0,600000.0,2400000.0,1500000.0,11,34
79246,,,,,,,
79273,9,0.0,0.0,0.0,0.0,52,65
79279,3,,,,,,
79302,,4800000.0,480000.0,1920000.0,1200000.0,3,11
79317,,,,,,,
79400,6,4000000.0,0.0,2000000.0,1000000.0,4,20
79402,,3500000.0,100000.0,2000000.0,700000.0,2,9
79423,,,,,,,
79433,,,,,,,
79436,,,,,,,
79486,,4500000.0,250000.0,2400000.0,725000.0,3,11
79495,,,,,,,
79520,1,,,,,,
79585,5,6000000.0,600000.0,2400000.0,1500000.0,40,48
79687,,,,,,,
79701,,,,,,,
79734,,,,,,,
79745,,,,,,,
79764,,,,,,,
79785,,,,,,,
79836,,,,,,,
79872,35 PEOPLE,2500000.0,200000.0,1700000.0,300000.0,10,24
79890,,,,,,,
79911,,,,,,,
79966,,6000000.0,600000.0,3000000.0,900000.0,25,28
79971,,,,,,,
79990,6,,,,,,
80081,,1500000.0,150000.0,800000.0,175000.0,3,8
80107,,,,,,,
80132,5,,,,,,
80167,2,,,,,,
80169,3 persons,6000000.0,600000.0,2400000.0,1500000.0,15,30
80234,,2000000.0,200000.0,800000.0,500000.0,1,7
80263,,,,,,,
80289,,,,,,,
80314,,5600000.0,560000.0,2240000.0,1400000.0,10,17
80338,,,,,,,
80407,,,,,,,
80457,,,,,,,
80504,,,,,,,
80622,ONE,3000000.0,50000.0,1700000.0,500000.0,3,16
80690,,,,,,,
80708,,,,,,,
80710,,,,,,,
80728,,,,,,,
80762,,,,,,,
80808,10,,,,,,
80810,2,,,,,,
80849,The business employs ten persons.,,,,,,
80851,,,,,,,
80935,,,,,,,
80960,8,,,,,,
81024,,,,,,,
81049,,,,,,,
81061,,7800000.0,300000.0,4900000.0,1300000.0,2,7
81078,,5000000.0,500000.0,2600000.0,650000.0,2,9
81091,,,,,,,
81119,4,,,,,,
81140,,,,,,,
81144,3,0.0,0.0,0.0,0.0,3,14
81164,"3,1 BOOK FINISHER AND PRINTER ON PART TIME BASIS!",0.0,0.0,0.0,0.0,8,14
81169,,,,,,,
81175,6,4000000.0,400000.0,1600000.0,1000000.0,8,14
81241,,5300000.0,530000.0,2120000.0,1325000.0,4,8
81280,,0.0,0.0,0.0,0.0,4,7
81300,,,,,,,
81351,,4000000.0,400000.0,1600000.0,1000000.0,5,18
81360,,,,,,,
81371,,,,,,,
81445,5,,,,,,
81477,,,,,,,
81484,4people,4000000.0,400000.0,1600000.0,1000000.0,2,7
81501,,6000000.0,600000.0,3000000.0,900000.0,0,10
81553,,4700000.0,200000.0,2575000.0,750000.0,3,9
81556,5,5000000.0,500000.0,2000000.0,1250000.0,2,7
81571,,0.0,0.0,0.0,0.0,2,11
81586,,,,,,,
81595,,,,,,,
81620,,,,,,,
81653,,,,,,,
81748,,,,,,,
81753,,4000000.0,400000.0,1600000.0,1000000.0,2,6
81829,,6000000.0,600000.0,2700000.0,1200000.0,8,15
81832,1,1000000.0,100000.0,400000.0,250000.0,2,4
81895,"Presently working with 2 shoe and bag makers, In the near future, intend to add 3 extra employees; one will function as the accountant and cashier, another as the marketing manager and the third as the customer attendant.",1500000.0,0.0,750000.0,375000.0,disqualified,disqualified
81906,,,,,,,
81962,,,,,,,
82024,12,,,,,,
82036,Myself and one other person,,,,,,
82096,,,,,,,
82181,,,,,,,
82221,8,0.0,0.0,0.0,0.0,1,3
82238,,,,,,,
82297,,,,,,,
82314,,,,,,,
82315,8,4000000.0,400000.0,1600000.0,1000000.0,3,5
82411,,,,,,,
82464,,,,,,,
82522,,,,,,,
82536,,,,,,,
82557,,,,,,,
82569,,,,,,,
82590,11,,,,,,
82596,3,,,,,,
82695,,,,,,,
82723,,5100000.0,300000.0,3300000.0,750000.0,2,6
82724,,,,,,,
82725,3,5700000.0,570000.0,2630000.0,1250000.0,1,7
82765,,6600000.0,300000.0,4300000.0,1000000.0,12,18
82785,,,,,,,
82792,,,,,,,
82806,8,,,,,,
82827,,,,,,,
82855,,3000000.0,0.0,1500000.0,750000.0,3,5
82886,,3000000.0,0.0,1500000.0,750000.0,4,9
82910,,,,,,,
82956,,,,,,,
83055,16 employees,,,,,,
83072,,,,,,,
83129,,,,,,,
83157,4,3000000.0,400000.0,1600000.0,500000.0,4,10
83205,12  and others on casual,,,,,,
83309,,,,,,,
83394,10,6000000.0,600000.0,2400000.0,1500000.0,12,16
83435,,,,,,,
83541,6 EMPLOYEES AND 48 CASUAL WORKERS,6000000.0,300000.0,2700000.0,1500000.0,46,53
83609,,,,,,,
83624,,,,,,,
83631,,,,,,,
83635,eight(8) persons,,,,,,
83776,Thirteen,5300000.0,200000.0,3100000.0,1000000.0,5,16
83815,,,,,,,
83833,6,,,,,,
83892,,,,,,,
83912,4,7000000.0,300000.0,4100000.0,1300000.0,9,22
83938,15,,,,,,
84031,,,,,,,
84068,3 people,6000000.0,0.0,3500000.0,1000000.0,3,15
84082,3 (three),0.0,0.0,0.0,0.0,2,4
84150,,,,,,,
84206,,,,,,,
84303,5,5200000.0,0.0,2600000.0,1300000.0,4,12
84311,,,,,,,
84325,,4200000.0,420000.0,1980000.0,750000.0,6,10
84426,,3000000.0,300000.0,1550000.0,400000.0,1,5
84498,5,3200000.0,320000.0,1680000.0,400000.0,2,5
84551,10 PERSONS,0.0,0.0,0.0,0.0,25,32
84576,,,,,,,
84618,,6000000.0,600000.0,2400000.0,1500000.0,8,14
84660,twelve,,,,,,
84679,,,,,,,
84789,,,,,,,
84814,,,,,,,
84816,Four,0.0,0.0,0.0,0.0,1,7
84850,,,,,,,
84904,,,,,,,
84914,,,,,,,
84921,,,,,,,
84954,TEN PEOPLE,,,,,,
85016,8,6000000.0,600000.0,2900000.0,1000000.0,5,15
85069,,,,,,,
85164,,,,,,,
85174,18,,,,,,
85184,,,,,,,
85193,,,,,,,
85227,,,,,,,
85328,,,,,,,
85331,,,,,,,
85352,,,,,,,
85401,15 people,,,,,,
85404,4,,,,,,
85470,,6000000.0,600000.0,2800000.0,1100000.0,3,11
85564,,,,,,,
85598,5 staff,2800000.0,280000.0,1120000.0,700000.0,3,13
85607,,,,,,,
85628,4,6900000.0,400000.0,4000000.0,1250000.0,5,8
85654,9 people,6000000.0,600000.0,2400000.0,1500000.0,2,11
85711,,3000000.0,300000.0,1200000.0,750000.0,2,5
85728,Three (3) Skilled Officers (2 with HND and 1 with BSc) and Eleven (11) Unskilled workers.,0.0,0.0,0.0,0.0,45,57
85755,,,,,,,
85815,11,,,,,,
85832,,,,,,,
85848,,,,,,,
85881,,,,,,,
85884,AS MANY AS,1550000.0,200000.0,600000.0,375000.0,7,10
85955,4,,,,,,
85986,,,,,,,
86032,,,,,,,
86066,,,,,,,
86079,,,,,,,
86098,1,,,,,,
86106,,5000000.0,400000.0,2200000.0,1200000.0,8,15
86151,,,,,,,
86173,,,,,,,
86222,5,0.0,0.0,0.0,0.0,1,7
86342,,,,,,,
86344,7people,,,,,,
86359,,,,,,,
86411,,0.0,0.0,0.0,0.0,2,7
86424,,,,,,,
86471,,,,,,,
86488,,,,,,,
86503,,0.0,0.0,0.0,0.0,20,23
86564,,,,,,,
86584,4,6000000.0,600000.0,2400000.0,1500000.0,7,16
86588,20,6000000.0,0.0,3000000.0,1500000.0,10,22
86602,,,,,,,
86684,,,,,,,
86689,Seven,,,,,,
86764,2 People.,,,,,,
86771,,,,,,,
86873,,,,,,,
86899,6,6500000.0,200000.0,4300000.0,1000000.0,6,10
87003,,,,,,,
87023,,0.0,0.0,0.0,0.0,6,14
87032,,,,,,,
87061,4,,,,,,
87086,,,,,,,
87127,,,,,,,
87302,,2400000.0,200000.0,1200000.0,500000.0,6,19
87379,7,,,,,,
87603,4 persons,,,,,,
87612,,,,,,,
87639,,6000000.0,600000.0,2400000.0,1500000.0,78,84
87649,,,,,,,
87708,,,,,,,
87763,,,,,,,
87789,9 PERSONS,4000000.0,400000.0,1600000.0,1000000.0,4,8
87819,,,,,,,
87821,3,6000000.0,200000.0,3400000.0,900000.0,11,19
87824,,,,,,,
87828,,,,,,,
87831,24,4950000.0,420000.0,3030000.0,750000.0,12,24
87857,,3600000.0,300000.0,2600000.0,350000.0,6,10
87944,,,,,,,
87952,5,5000000.0,500000.0,2000000.0,1250000.0,11,16
87999,,,,,,,
88047,4 PERMANET STAFF AND 30 TO 40 LABOURER DEPENDING ON OPERATION,6000000.0,600000.0,2400000.0,1500000.0,32,45
88067,,7500000.0,750000.0,3000000.0,1875000.0,8,14
88077,6,,,,,,
88089,,5900000.0,0.0,3900000.0,500000.0,35,43
88103,,,,,,,
88220,8,8000000.0,200000.0,5200000.0,600000.0,1,8
88243,4,,,,,,
88325,2,5400000.0,540000.0,2160000.0,1350000.0,2,8
88401,,6000000.0,500000.0,2500000.0,1500000.0,4,8
88409,Seven,6500000.0,300000.0,3200000.0,1500000.0,5,11
88431,9,6000000.0,600000.0,2400000.0,1500000.0,12,17
88440,,8500000.0,250000.0,5500000.0,875000.0,0,8
88474,29,7000000.0,300000.0,4100000.0,1300000.0,2,20
88492,,4000000.0,200000.0,1800000.0,1000000.0,6,11
88546,,,,,,,
88548,,,,,,,
88599,4 employees,10000000.0,100000.0,5000000.0,2400000.0,3,9
88624,,,,,,,
88662,,,,,,,
88663,,5700000.0,570000.0,2280000.0,1425000.0,4,12
88681,,3900000.0,200000.0,2450000.0,650000.0,2,3
88715,,,,,,,
88716,Seven staffs,0.0,0.0,0.0,0.0,5,12
88743,,,,,,,
88797,,,,,,,
88801,5,3200000.0,0.0,1600000.0,800000.0,6,11
88931,,,,,,,
88953,12,10000000.0,1000000.0,4000000.0,2500000.0,7,37
88974,7,0.0,0.0,0.0,0.0,3,6
89000,18,10000000.0,1000000.0,4000000.0,2500000.0,28,44
89003,,2950000.0,500000.0,1000000.0,825000.0,3,11
89019,4  STAFF.,,,,,,
89057,,,,,,,
89075,27,5000000.0,500000.0,2000000.0,1250000.0,2,7
89093,5,6000000.0,600000.0,2400000.0,1500000.0,6,8
89142,,,,,,,
89193,,,,,,,
89245,,,,,,,
89250,,,,,,,
89266,,4700000.0,180000.0,2500000.0,820000.0,2,9
89308,,,,,,,
89312,"9: 1 in abuja,2 in port harcourt,1 in uyo, 5 in lagos",,,,,,
89340,30,0.0,0.0,0.0,0.0,7,15
89358,,,,,,,
89515,6 PEOPLE,6000000.0,600000.0,2400000.0,1500000.0,7,16
89608,"CONTRACT BASIS,",6000000.0,600000.0,2400000.0,1500000.0,5,13
89669,,4000000.0,400000.0,2400000.0,600000.0,18,28
89756,,,,,,,
89787,,4000000.0,400000.0,1600000.0,1000000.0,17,20
89814,,4000000.0,400000.0,1600000.0,1000000.0,1,6
89877,,,,,,,
89937,twelve(12) people,4500000.0,450000.0,1800000.0,1125000.0,4,10
89947,,,,,,,
89953,over 30,10000000.0,200000.0,4800000.0,2500000.0,30,35
90098,,,,,,,
90113,Five (5) presently,,,,,,
90163,,,,,,,
90168,,,,,,,
90172,,0.0,0.0,0.0,0.0,5,10
90186,,8000000.0,800000.0,3200000.0,2000000.0,12,21
90211,,,,,,,
90244,,,,,,,
90354,,,,,,,
90368,,,,,,,
90370,,3500000.0,50000.0,1700000.0,875000.0,40,60
90421,,1600000.0,160000.0,640000.0,400000.0,8,10
90429,,6000000.0,200000.0,3800000.0,1000000.0,4,34
90512,8,5000000.0,300000.0,2200000.0,1250000.0,20,35
90614,,,,,,,
90730,,,,,,,
90735,,,,,,,
90769,,0.0,0.0,0.0,0.0,0,0
90804,,,,,,,
90862,,3000000.0,100000.0,1400000.0,750000.0,yet to respond,yet to respond
90867,3,2400000.0,0.0,1200000.0,600000.0,4,7
90891,,,,,,,
90920,,,,,,,
91001,,,,,,,
91012,,,,,,,
91055,,,,,,,
91097,,,,,,,
91198,13,,,,,,
91276,5,3500000.0,350000.0,1400000.0,875000.0,1,5
91436,,5000000.0,200000.0,2300000.0,1250000.0,10,14
91528,10,,,,,,
91565,five(5) employees,4000000.0,400000.0,1600000.0,1000000.0,0,45
91578,1,,,,,,
91618,,2500000.0,250000.0,1500000.0,250000.0,0,9
91646,,,,,,,
91707,3 people,,,,,,
91735,,2100000.0,0.0,1050000.0,525000.0,0,2
91754,,,,,,,
91796,,,,,,,
91835,,4800000.0,200000.0,1800000.0,1400000.0,1,5
91870,,1800000.0,180000.0,720000.0,450000.0,6,10
91955,,,,,,,
91959,10,,,,,,
92200,,0.0,0.0,0.0,0.0,0,0
92219,,,,,,,
92249,,,,,,,
92265,TWO,,,,,,
92303,20,,,,,,
92320,,,,,,,
92333,,4200000.0,300000.0,1800000.0,1050000.0,25,30
92345,,,,,,,
92368,20 & Above.,0.0,0.0,0.0,0.0,11,26
92386,,,,,,,
92451,,5400000.0,300000.0,2750000.0,1000000.0,4,8
92456,,,,,,,
92500,,4000000.0,200000.0,2300000.0,750000.0,4,9
92517,,,,,,,
92580,,,,,,,
92607,,,,,,,
92669,,,,,,,
92733,,,,,,,
92757,,,,,,,
92787,,,,,,,
92804,,,,,,,
92852,,,,,,,
92890,5 people,6000000.0,600000.0,2400000.0,1500000.0,25,40
92925,,,,,,,
93001,currently the business employs 15 people and about 15 addition people indirectly.,,,,,,
93177,,,,,,,
93185,,,,,,,
93228,,,,,,,
93252,2-4,,,,,,
93269,,,,,,,
93270,,,,,,,
93271,,,,,,,
93366,,,,,,,
93376,32,,,,,,
93466,8 PEOPLE FOR NOW BUT WITH THE INTENTION OF EXPANSION TO ACCOMODATE MORE,5200000.0,200000.0,2400000.0,1300000.0,7,13
93538,,,,,,,
93587,10,,,,,,
93703,,,,,,,
93764,,5800000.0,400000.0,2900000.0,1250000.0,5,16
93779,,,,,,,
93809,,,,,,,
93827,"myself, and friends who contribute to the publication but they are not on salary so technically i am the only one employed",,,,,,
93932,,,,,,,
93945,"11	For now we are managing four employees, but the number will increase as the business expands.",,,,,,
93948,,,,,,,
93976,,,,,,,
93990,,,,,,,
94057,45-50 people,5300000.0,300000.0,2800000.0,1100000.0,60,72
94117,,,,,,,
94154,3,,,,,,
94163,,,,,,,
94238,,,,,,,
94268,,,,,,,
94330,,6000000.0,600000.0,2400000.0,1500000.0,4,8
94376,,,,,,,
94420,,,,,,,
94427,,0.0,0.0,0.0,0.0,16,34
94439,10,,,,,,
94545,,,,,,,
94561,Presently We have 9 staffs,6000000.0,600000.0,2400000.0,1500000.0,10,16
94573,10-200,,,,,,
94582,,,,,,,
94780,,3100000.0,310000.0,1540000.0,475000.0,4,6
94800,,6000000.0,600000.0,2400000.0,1500000.0,1,5
94817,FOUR PEOPLE,10000000.0,0.0,6000000.0,1500000.0,15,23
94821,,0.0,0.0,0.0,0.0,3,6
94848,,,,,,,
94890,,,,,,,
94924,,,,,,,
94942,,,,,,,
94996,,,,,,,
95047,3,,,,,,
95079,,,,,,,
95161,,,,,,,
95190,8,3500000.0,350000.0,1400000.0,875000.0,disqualified,disqualified
95198,5,6000000.0,0.0,3500000.0,1000000.0,5,15
95199,,,,,,,
95245,,,,,,,
95258,24,3600000.0,360000.0,1440000.0,900000.0,8,15
95269,,0.0,0.0,0.0,0.0,6,10
95294,,,,,,,
95300,,,,,,,
95431,,,,,,,
95435,,,,,,,
95558,,,,,,,
95580,,5700000.0,570000.0,2280000.0,1425000.0,5,12
95586,,,,,,,
95588,,,,,,,
95622,,,,,,,
95655,,,,,,,
95710,,,,,,,
95798,,,,,,,
95799,,,,,,,
95878,,6000000.0,600000.0,2900000.0,1000000.0,15,27
95882,ten people.,4000000.0,400000.0,1600000.0,1000000.0,20,38
95953,5 people,,,,,,
96023,Four persons (three lawyers and one information technology professional),,,,,,
96052,,,,,,,
96083,,,,,,,
96117,20,0.0,0.0,0.0,0.0,5,33
96138,3,,,,,,
96145,,,,,,,
96165,,,,,,,
96200,The business presently employs four people but has the potential to employ up to 25 full time staff and well over 60 auxiliary staff in the next two years.,,,,,,
96202,,0.0,0.0,0.0,0.0,30,34
96256,,4500000.0,450000.0,2050000.0,1000000.0,3,7
96369,,,,,,,
96371,,,,,,,
96415,,,,,,,
96504,5,1200000.0,120000.0,480000.0,300000.0,3,8
96505,,10000000.0,0.0,5500000.0,2000000.0,4,8
96507,,,,,,,
96521,,4800000.0,480000.0,1920000.0,1200000.0,2,6
96527,,8200000.0,400000.0,3800000.0,2000000.0,0,2
96529,,,,,,,
96543,,,,,,,
96587,,,,,,,
96596,,,,,,,
96626,,,,,,,
96661,,4800000.0,300000.0,2500000.0,1000000.0,22,34
96730,,,,,,,
96859,,4000000.0,400000.0,1600000.0,1000000.0,5,10
96880,,,,,,,
97131,8,,,,,,
97142,5,,,,,,
97166,,,,,,,
97197,,,,,,,
97319,,,,,,,
97407,,2100000.0,200000.0,1300000.0,300000.0,15,22
97429,"8 Directly, about 25 Indirectly",10000000.0,1000000.0,4000000.0,2500000.0,36,44
97431,,,,,,,
97437,,6000000.0,600000.0,2400000.0,1500000.0,6,14
97498,he production of emulsion texcote and gloss paints of high quality and affordable,4000000.0,400000.0,1600000.0,1000000.0,7,13
97649,,,,,,,
97650,,,,,,,
97687,,6000000.0,600000.0,2400000.0,1500000.0,7,15
97692,Eight (8),4800000.0,480000.0,1920000.0,1200000.0,yet to respond,yet to respond
97699,,,,,,,
97741,6 persons,4000000.0,100000.0,2400000.0,500000.0,8,13
97746,,,,,,,
97773,,,,,,,
97832,,,,,,,
97855,,,,,,,
97901,four,,,,,,
97924,,4500000.0,150000.0,2100000.0,1125000.0,32,36
97984,,4000000.0,400000.0,1600000.0,1000000.0,4,10
98188,3,1400000.0,140000.0,560000.0,350000.0,9,14
98244,,,,,,,
98282,TWO,,,,,,
98308,,,,,,,
98309,Currently employs 2,3500000.0,350000.0,1400000.0,875000.0,1,6
98422,Two,2100000.0,210000.0,500000.0,865000.0,5,11
98450,,,,,,,
98491,,,,,,,
98576,,,,,,,
98584,,4000000.0,400000.0,1600000.0,1000000.0,18,33
98596,,5600000.0,260000.0,2940000.0,1000000.0,1,8
98682,,,,,,,
98701,,,,,,,
98717,9,10000000.0,200000.0,6800000.0,1500000.0,3,7
98718,,,,,,,
98775,,5400000.0,200000.0,2850000.0,1000000.0,10,20
98799,,,,,,,
98852,,,,,,,
98903,8 People,,,,,,
98921,,,,,,,
98970,,,,,,,
98984,,,,,,,
99207,5,,,,,,
99215,,,,,,,
99420,,,,,,,
99479,,,,,,,
99518,,,,,,,
99556,10,,,,,,
99558,2,3100000.0,300000.0,1500000.0,600000.0,2,6
99605,,,,,,,
99671,,,,,,,
99678,,10000000.0,1000000.0,5000000.0,2000000.0,15,25
99700,,,,,,,
99730,,,,,,,
99755,,,,,,,
99772,,,,,,,
99902,,,,,,,
99966,FIVE (5),1400000.0,140000.0,560000.0,350000.0,3,7
99979,,,,,,,
99980,,6400000.0,140000.0,3800000.0,860000.0,3,12
99996,,,,,,,
100029,Currently there are 7 workers.,6000000.0,600000.0,2400000.0,1500000.0,5,20
100046,5 peoples are engage presently.,,,,,,
100075,,,,,,,
100109,,,,,,,
100187,,,,,,,
100234,,,,,,,
100281,,,,,,,
100316,,,,,,,
100348,,4000000.0,400000.0,1600000.0,1000000.0,10,21
100400,,,,,,,
100445,,0.0,0.0,0.0,0.0,0,15
100553,,,,,,,
100603,,,,,,,
100677,14,3500000.0,350000.0,1750000.0,525000.0,7,12
100743,,,,,,,
100753,,,,,,,
100844,,,,,,,
100851,4,5500000.0,550000.0,2200000.0,1375000.0,3,8
100907,,,,,,,
100926,,,,,,,
100942,,4000000.0,200000.0,2100000.0,850000.0,40,50
101119,,,,,,,
101122,,,,,,,
101148,,,,,,,
101184,,3200000.0,320000.0,1580000.0,500000.0,1,6
101201,,,,,,,
101203,,,,,,,
101210,,,,,,,
101386,,,,,,,
101427,,,,,,,
101519,,,,,,,
101556,,,,,,,
101561,,,,,,,
101567,5,6000000.0,600000.0,2400000.0,1500000.0,5,15
101658,,0.0,0.0,0.0,0.0,3,10
101666,,0.0,0.0,0.0,0.0,6,9
101739,,,,,,,
101792,5,2000000.0,0.0,0.0,1000000.0,13,32
101844,,,,,,,
101854,49,6000000.0,600000.0,2400000.0,1500000.0,22,69
101868,,,,,,,
102033,,6000000.0,600000.0,2400000.0,1500000.0,5,16
102055,five,,,,,,
102077,,,,,,,
102105,,,,,,,
102134,,7000000.0,400000.0,4600000.0,1000000.0,21,29
102200,,6000000.0,600000.0,2400000.0,1500000.0,8,17
102230,,,,,,,
102274,"2, and 3 TRAINEES",1000000.0,100000.0,400000.0,250000.0,9,15
102285,1,,,,,,
102309,,,,,,,
102421,,,,,,,
102459,5 staffs and 25 freelass marketers and partners,7000000.0,0.0,2400000.0,3100000.0,4,8
102462,,,,,,,
102478,,,,,,,
102487,,3500000.0,350000.0,1400000.0,875000.0,3,9
102616,,0.0,0.0,0.0,0.0,0,2
102672,,0.0,0.0,0.0,0.0,45,60
102689,,5900000.0,590000.0,2760000.0,1075000.0,2,6
102845,,,,,,,
102890,,,,,,,
103005,,,,,,,
103102,,,,,,,
103567,,9800000.0,980000.0,5420000.0,950000.0,21,40
103704,,,,,,,
103715,,,,,,,
103737,,,,,,,
103785,,,,,,,
103794,,,,,,,
103828,,,,,,,
103866,Eight people,,,,,,
103868,,,,,,,
103918,,2400000.0,240000.0,960000.0,600000.0,2.0,7.0
104004,4,,,,,,
104019,10,6000000.0,600000.0,2400000.0,1500000.0,15.0,23.0
104061,,,,,,,
104085,,,,,,,
104105,,,,,,,
104134,,,,,,,
104171,,,,,,,
104199,,4500000.0,200000.0,2550000.0,625000.0,5.0,23.0
104216,,,,,,,
104257,,0.0,0.0,0.0,0.0,3.0,6.0
104261,,3600000.0,200000.0,2100000.0,400000.0,11.0,12.0
104278,,,,,,,
104433,,2000000.0,200000.0,1200000.0,300000.0,0.0,13.0
104483,10 people,4000000.0,0.0,2000000.0,1000000.0,3.0,8.0
104489,,,,,,,
104593,4,6000000.0,600000.0,2400000.0,1500000.0,11.0,20.0
104751,,,,,,,
104822,10 employees,,,,,,
104890,,,,,,,
104898,,,,,,,
104917,10,5000000.0,300000.0,2700000.0,1000000.0,8.0,21.0
104928,,,,,,,
104974,,,,,,,
104989,,,,,,,
104996,,,,,,,
105214,,0.0,0.0,0.0,0.0,1.0,8.0
105262,,,,,,,
105317,9,,,,,,
105324,,2400000.0,240000.0,960000.0,600000.0,4.0,10.0
105329,,,,,,,
105332,SO FAR I have 8 people working under me.,4000000.0,400000.0,1600000.0,1000000.0,4.0,10.0
105336,,3000000.0,300000.0,1200000.0,750000.0,1.0,5.0
105375,,,,,,,
105391,10 presently,3400000.0,340000.0,1360000.0,850000.0,2.0,14.0
105422,,,,,,,
105497,,,,,,,
105560,,,,,,,
105565,,6000000.0,400000.0,3600000.0,1000000.0,20.0,32.0
105633,,6000000.0,600000.0,2900000.0,1000000.0,25.0,33.0
105782,,5400000.0,540000.0,2660000.0,850000.0,15.0,23.0
105810,,,,,,,
105909,,,,,,,
105941,,0.0,0.0,0.0,0.0,1.0,11.0
105949,,,,,,,
106076,,,,,,,
106089,12,,,,,,
106147,5,,,,,,
106347,15,6000000.0,600000.0,2400000.0,1500000.0,6.0,14.0
106353,,,,,,,
106432,,,,,,,
106436,10 on part time basis,6000000.0,600000.0,2400000.0,1500000.0,4.0,13.0
106493,,4100000.0,0.0,2050000.0,1025000.0,43.0,53.0
106517,8,,,,,,
106566,,,,,,,
106630,8,,,,,,
106709,,,,,,,
106733,,,,,,,
106737,fifty 0ne,4500000.0,450000.0,1800000.0,1125000.0,1.0,7.0
